EmployeeID,Age,Gender,JobRole,Education,MonthlyIncome,JobSatisfaction,WorkLifeBalance,OverTime,YearsAtCompany,PerformanceRating,NumCompaniesWorked,DistanceFromHome,TrainingTimesLastYear,MaritalStatus,Attrition
1001,59,Male,Research Director,3,6534,1,3,No,4,3,0,10,3,Married,No
1002,49,Female,Healthcare Representative,3,10805,2,1,Yes,2,3,3,8,4,Divorced,No
1003,35,Male,Manager,2,7446,3,4,No,3,2,4,42,5,Single,Yes
1004,28,Female,Manufacturing Technician,1,4855,3,4,No,3,3,1,26,5,Married,No
1005,41,Male,Research Director,3,4450,1,2,Yes,5,2,0,34,0,Single,Yes
1006,59,Male,Laboratory Technician,2,3929,3,3,No,1,2,3,19,4,Single,No
1007,39,Male,Laboratory Technician,2,8541,2,3,No,4,3,0,14,3,Married,No
1008,43,Female,Manager,5,3118,2,2,No,2,3,0,8,3,Single,No
1009,31,Female,Sales Executive,3,5135,3,2,Yes,1,2,1,1,2,Single,Yes
1010,31,Female,Sales Representative,3,5153,4,3,Yes,4,2,1,48,1,Single,Yes
1011,44,Female,Research Director,3,3494,3,3,No,3,3,1,25,0,Married,No
1012,56,Female,Research Director,3,1500,4,2,Yes,2,3,2,24,0,Married,No
1013,44,Female,Healthcare Representative,3,5968,3,3,No,2,3,2,47,1,Divorced,No
1014,23,Male,Human Resources,3,4816,3,3,No,1,3,1,20,5,Married,Yes
1015,42,Male,Healthcare Representative,4,6500,3,3,No,2,3,2,30,5,Married,No
1016,22,Male,Sales Representative,2,3399,4,1,No,4,3,0,5,5,Single,No
1017,44,Female,Laboratory Technician,3,8662,4,4,No,4,3,1,3,3,Divorced,No
1018,50,Female,Laboratory Technician,3,2369,1,2,No,6,3,1,32,4,Married,No
1019,58,Male,Laboratory Technician,4,10136,4,2,No,1,2,1,17,0,Married,No
1020,22,Female,Laboratory Technician,3,1500,4,2,Yes,4,1,0,42,1,Married,Yes
1021,41,Female,Sales Representative,3,6304,3,2,Yes,0,3,0,5,2,Married,No
1022,53,Male,Manager,2,6426,2,4,No,2,2,3,11,2,Single,No
1023,32,Male,Human Resources,3,2613,4,2,No,2,2,0,38,3,Single,No
1024,42,Female,Sales Representative,2,6273,4,3,No,2,1,0,4,0,Married,No
1025,45,Male,Human Resources,3,8838,2,1,No,1,3,2,39,4,Married,Yes
1026,47,Female,Sales Representative,2,1500,4,2,No,3,3,0,19,0,Married,No
1027,48,Male,Laboratory Technician,3,6508,1,4,Yes,5,4,0,39,5,Single,Yes
1028,36,Female,Manager,2,1500,1,3,No,1,3,0,46,2,Single,No
1029,35,Female,Research Director,3,2103,3,2,No,2,3,5,49,0,Married,No
1030,23,Female,Healthcare Representative,4,9887,3,3,No,5,3,0,23,2,Married,No
1031,57,Male,Manufacturing Technician,2,3254,3,2,No,2,3,1,17,1,Married,No
1032,27,Female,Manager,3,1500,1,2,Yes,2,2,0,13,1,Single,No
1033,41,Female,Research Director,3,4406,4,3,No,4,2,0,27,2,Divorced,Yes
1034,29,Male,Sales Executive,1,11203,1,3,No,2,2,1,1,4,Married,No
1035,59,Female,Sales Representative,4,1500,1,2,No,2,2,0,2,4,Married,Yes
1036,38,Male,Sales Executive,1,1846,1,4,No,3,3,2,18,0,Single,No
1037,24,Male,Research Director,3,9492,3,3,No,4,3,1,36,2,Single,No
1038,45,Male,Manager,3,10573,4,2,No,4,4,0,45,3,Married,No
1039,34,Male,Sales Representative,3,4689,3,3,No,4,3,1,33,4,Single,No
1040,29,Male,Manufacturing Technician,3,1500,4,3,Yes,5,4,4,36,4,Married,No
1041,46,Female,Laboratory Technician,2,11287,1,3,No,2,3,0,2,5,Married,No
1042,22,Male,Sales Representative,1,9783,3,2,Yes,0,3,1,4,1,Married,No
1043,40,Female,Sales Representative,4,7036,3,3,No,3,3,0,16,4,Single,No
1044,48,Male,Manager,3,2562,3,1,No,3,2,0,4,4,Single,No
1045,27,Male,Manager,4,4852,1,3,No,2,2,1,9,5,Divorced,Yes
1046,28,Male,Research Director,4,4518,3,3,No,3,4,0,49,4,Married,No
1047,55,Female,Research Scientist,4,5992,3,1,No,5,4,2,21,5,Single,No
1048,34,Male,Sales Representative,3,9353,3,3,No,1,1,1,23,2,Single,Yes
1049,37,Female,Healthcare Representative,3,7638,3,4,No,2,2,0,2,2,Divorced,No
1050,56,Female,Sales Representative,4,1767,1,4,No,4,3,0,3,1,Single,Yes
1051,24,Female,Research Director,3,9129,3,2,No,2,2,2,23,0,Married,No
1052,22,Male,Human Resources,2,5939,2,1,No,0,3,0,26,5,Single,No
1053,26,Male,Sales Executive,4,7061,4,3,No,5,2,3,47,4,Married,No
1054,24,Female,Laboratory Technician,4,9399,3,1,No,0,3,0,7,0,Married,No
1055,49,Male,Research Scientist,3,1665,2,4,No,2,3,2,36,2,Married,Yes
1056,38,Female,Manufacturing Technician,1,4892,4,1,No,3,3,1,44,4,Single,No
1057,46,Male,Manufacturing Technician,3,3405,3,2,Yes,2,2,1,33,0,Married,No
1058,54,Female,Manufacturing Technician,4,1500,1,2,No,6,3,0,49,5,Single,No
1059,30,Female,Manager,5,6040,3,2,No,5,4,1,36,5,Divorced,No
1060,56,Female,Manufacturing Technician,2,12534,2,3,No,3,3,3,4,0,Married,No
1061,34,Male,Laboratory Technician,1,1500,4,2,No,4,3,1,23,5,Married,No
1062,51,Female,Sales Executive,4,4903,4,1,No,5,3,2,25,3,Single,Yes
1063,35,Male,Manufacturing Technician,3,6921,4,2,No,2,4,0,41,2,Married,No
1064,28,Male,Sales Representative,3,5369,3,3,No,2,3,3,26,1,Single,No
1065,34,Female,Sales Representative,5,4660,3,1,Yes,4,3,1,28,1,Single,No
1066,43,Female,Manager,1,1500,3,3,Yes,4,3,2,28,3,Single,No
1067,41,Female,Laboratory Technician,3,5698,1,3,No,7,2,0,21,0,Single,No
1068,36,Female,Sales Executive,1,2729,3,3,No,6,3,1,10,5,Single,No
1069,38,Male,Research Scientist,3,1500,3,4,No,4,4,2,27,3,Single,No
1070,44,Male,Research Director,4,8583,1,4,Yes,3,3,2,15,3,Married,No
1071,46,Female,Sales Executive,3,7875,3,4,No,5,4,0,17,5,Single,Yes
1072,45,Male,Research Director,5,5154,4,2,No,2,3,3,39,2,Married,No
1073,49,Male,Human Resources,3,5687,4,1,No,6,3,0,35,5,Single,No
1074,35,Male,Research Director,3,8222,1,2,Yes,2,3,0,5,5,Married,No
1075,21,Male,Healthcare Representative,2,5673,1,4,Yes,6,3,0,16,4,Married,No
1076,45,Male,Sales Representative,3,7712,2,4,No,3,3,1,23,0,Divorced,No
1077,27,Male,Laboratory Technician,3,4107,4,4,Yes,2,4,1,39,1,Married,No
1078,29,Male,Manager,1,8935,1,1,No,5,3,2,48,1,Married,No
1079,44,Male,Healthcare Representative,3,5962,3,4,No,3,3,1,9,3,Married,No
1080,21,Female,Research Director,3,5582,1,2,Yes,2,3,0,33,3,Single,Yes
1081,28,Male,Manufacturing Technician,4,1500,3,1,Yes,2,3,1,35,3,Married,No
1082,44,Male,Laboratory Technician,3,5860,2,2,No,1,1,2,40,0,Single,No
1083,31,Female,Healthcare Representative,4,2504,3,1,Yes,4,4,0,50,3,Single,Yes
1084,37,Male,Manager,1,3085,2,3,No,2,3,1,24,3,Single,Yes
1085,28,Female,Sales Representative,2,2553,3,2,No,3,3,2,24,4,Married,Yes
1086,55,Female,Laboratory Technician,3,1801,2,2,No,2,2,3,50,0,Married,No
1087,55,Male,Manager,3,11374,3,3,No,3,3,2,24,2,Married,No
1088,53,Male,Human Resources,1,8994,4,4,Yes,2,3,1,19,2,Married,No
1089,25,Female,Human Resources,4,10761,1,3,No,0,3,0,39,5,Single,No
1090,59,Female,Manager,4,1500,4,2,No,2,3,4,25,4,Married,No
1091,48,Male,Healthcare Representative,3,5213,3,3,No,3,3,0,31,1,Married,No
1092,27,Female,Laboratory Technician,1,1500,1,4,No,1,3,1,38,5,Divorced,Yes
1093,29,Male,Healthcare Representative,4,2912,3,1,No,2,1,1,25,2,Married,No
1094,28,Female,Research Scientist,3,2245,2,3,No,3,3,0,27,0,Married,Yes
1095,32,Male,Research Director,4,8718,3,2,Yes,1,2,0,32,1,Married,No
1096,54,Female,Research Scientist,4,3811,3,1,No,4,3,2,11,3,Single,No
1097,53,Female,Human Resources,4,8205,1,3,No,1,3,1,5,0,Single,No
1098,43,Female,Sales Representative,3,6812,3,4,No,5,3,0,44,1,Single,No
1099,44,Male,Sales Executive,2,11910,4,1,Yes,1,4,0,33,2,Single,Yes
1100,57,Male,Research Director,3,1500,4,3,No,1,1,1,19,5,Married,Yes
1101,55,Male,Human Resources,3,8777,3,4,No,5,3,0,43,3,Divorced,Yes
1102,42,Male,Healthcare Representative,4,8439,4,4,Yes,0,2,1,47,3,Single,No
1103,47,Male,Healthcare Representative,2,2079,3,2,No,2,1,0,16,0,Married,No
1104,55,Female,Healthcare Representative,2,8021,2,4,No,2,3,1,35,5,Married,No
1105,21,Male,Sales Representative,4,6008,4,2,No,4,2,0,11,3,Single,No
1106,55,Male,Research Scientist,4,4317,3,3,Yes,2,3,1,11,1,Single,Yes
1107,57,Female,Sales Executive,5,2528,3,1,No,4,3,1,10,4,Married,No
1108,34,Female,Healthcare Representative,4,2842,3,1,No,5,1,1,34,2,Married,No
1109,23,Female,Research Director,3,11149,4,3,No,2,1,1,5,0,Divorced,No
1110,21,Female,Laboratory Technician,3,5002,4,2,No,3,3,1,23,5,Single,No
1111,25,Male,Sales Executive,4,7346,3,2,No,4,3,0,25,4,Married,No
1112,46,Male,Sales Representative,3,2627,2,1,No,5,3,1,29,4,Single,No
1113,34,Female,Sales Executive,3,2660,3,3,No,2,3,1,40,0,Married,No
1114,59,Female,Laboratory Technician,2,8245,3,1,No,4,3,1,13,1,Married,No
1115,47,Male,Research Director,3,1500,2,3,No,4,3,1,47,5,Single,No
1116,29,Female,Laboratory Technician,4,3754,3,1,No,2,3,3,32,2,Single,No
1117,35,Male,Manager,2,5102,3,1,No,3,3,1,34,0,Single,No
1118,35,Male,Research Director,2,5334,2,2,No,0,3,0,12,5,Single,No
1119,46,Male,Sales Executive,3,4462,1,2,No,7,3,1,24,4,Married,No
1120,33,Male,Healthcare Representative,2,6187,2,2,Yes,0,3,1,40,4,Single,No
1121,52,Male,Sales Executive,2,7078,4,2,No,0,4,3,21,0,Married,No
1122,59,Male,Sales Executive,3,7203,2,4,No,1,2,2,29,5,Single,No
1123,52,Female,Research Director,5,2042,2,3,No,1,4,0,23,4,Married,No
1124,24,Male,Manager,3,4147,3,1,Yes,0,3,0,33,0,Married,No
1125,50,Male,Sales Executive,2,8584,2,2,No,1,3,2,8,0,Married,Yes
1126,57,Female,Human Resources,1,7683,1,4,No,5,2,1,42,2,Married,No
1127,43,Female,Manufacturing Technician,3,1500,2,2,Yes,0,3,2,13,0,Single,Yes
1128,59,Female,Manufacturing Technician,3,6054,3,1,No,6,3,0,5,5,Married,No
1129,35,Female,Sales Executive,4,1500,3,3,No,3,3,0,41,5,Single,No
1130,49,Female,Healthcare Representative,3,5140,2,3,No,4,1,0,10,4,Single,No
1131,56,Male,Sales Representative,4,10693,3,3,Yes,0,3,0,14,3,Single,Yes
1132,33,Male,Sales Representative,2,2156,4,1,No,7,2,1,24,2,Married,No
1133,52,Male,Research Director,3,2497,2,1,No,4,4,0,11,5,Married,No
1134,27,Male,Manufacturing Technician,2,7292,2,3,No,0,3,0,46,4,Married,Yes
1135,42,Male,Sales Executive,5,1500,2,2,No,2,1,2,3,4,Single,Yes
1136,48,Female,Sales Representative,3,3101,3,3,No,8,3,0,29,2,Single,No
1137,22,Male,Sales Executive,3,6789,3,3,Yes,3,4,1,48,2,Divorced,Yes
1138,26,Male,Research Director,2,3097,2,2,No,2,3,0,30,4,Married,No
1139,48,Male,Manufacturing Technician,2,4292,3,4,No,3,3,4,49,3,Single,No
1140,48,Female,Laboratory Technician,3,7232,1,3,Yes,4,3,0,37,1,Married,No
1141,40,Male,Human Resources,2,6264,3,3,No,1,3,1,7,4,Single,No
1142,50,Female,Human Resources,3,5800,3,1,Yes,5,3,1,17,2,Single,No
1143,31,Male,Sales Representative,2,3982,2,1,No,1,3,1,20,0,Single,Yes
1144,48,Male,Human Resources,3,6110,3,2,No,5,3,1,11,0,Single,No
1145,45,Male,Laboratory Technician,4,4628,2,1,Yes,2,2,0,44,2,Single,No
1146,59,Female,Sales Executive,4,6373,3,4,No,1,3,0,25,2,Married,Yes
1147,53,Male,Research Director,4,3509,1,1,No,0,3,2,24,1,Married,No
1148,21,Female,Laboratory Technician,2,4452,4,2,No,2,3,0,2,5,Married,Yes
1149,47,Male,Research Director,1,2030,2,2,Yes,1,3,1,27,2,Married,Yes
1150,33,Male,Research Director,3,4894,4,3,No,2,3,0,19,0,Divorced,Yes
1151,23,Female,Manufacturing Technician,3,2566,2,1,No,0,3,0,29,3,Single,Yes
1152,59,Female,Sales Executive,3,1657,3,2,No,3,4,1,37,2,Married,No
1153,26,Female,Human Resources,1,5775,2,2,No,6,3,0,11,1,Married,No
1154,28,Female,Manufacturing Technician,2,5638,4,4,No,2,2,1,19,3,Single,No
1155,47,Female,Research Director,1,7348,1,1,Yes,0,3,1,28,1,Single,No
1156,29,Female,Sales Representative,4,3706,2,4,No,2,4,1,39,3,Married,No
1157,57,Female,Human Resources,2,6224,3,3,Yes,1,3,0,21,2,Married,No
1158,53,Female,Human Resources,3,6652,1,2,No,6,3,2,26,0,Single,Yes
1159,44,Female,Sales Executive,1,6334,2,3,No,4,2,0,22,3,Married,No
1160,35,Female,Manager,3,2523,4,1,No,1,2,0,6,4,Married,No
1161,52,Female,Research Scientist,3,5448,4,4,Yes,2,3,2,11,5,Single,No
1162,52,Male,Research Scientist,4,6092,2,3,No,5,3,3,14,1,Married,No
1163,44,Female,Research Scientist,4,5021,4,2,No,2,4,0,36,3,Married,No
1164,32,Female,Manager,3,1500,3,2,No,3,3,0,40,1,Married,No
1165,59,Male,Sales Executive,5,5481,2,1,No,2,3,3,41,0,Divorced,No
1166,22,Female,Manager,5,11637,3,4,No,1,1,0,2,1,Single,No
1167,23,Male,Research Scientist,4,3919,3,1,No,5,4,0,43,1,Single,No
1168,57,Male,Manufacturing Technician,4,2815,4,3,No,3,3,1,20,4,Single,Yes
1169,37,Female,Laboratory Technician,2,6120,2,2,No,3,3,0,22,1,Married,No
1170,22,Male,Research Director,3,5937,3,4,No,2,4,1,39,3,Married,No
1171,22,Female,Manager,1,8578,1,2,No,5,3,1,4,1,Married,Yes
1172,48,Female,Sales Executive,1,1500,1,3,No,2,3,3,29,2,Single,Yes
1173,43,Male,Sales Executive,5,7194,1,2,Yes,2,3,4,46,1,Single,Yes
1174,57,Male,Laboratory Technician,3,6771,4,3,No,2,4,0,24,2,Married,No
1175,52,Male,Sales Representative,4,4573,4,1,No,0,2,0,1,5,Married,No
1176,53,Female,Human Resources,4,6016,3,1,Yes,3,3,2,24,1,Married,No
1177,21,Female,Research Scientist,4,8088,3,2,No,5,3,0,30,5,Married,No
1178,39,Female,Sales Representative,5,7616,2,3,No,2,3,1,12,1,Married,No
1179,22,Male,Research Scientist,2,1570,2,1,No,2,4,1,19,3,Single,No
1180,46,Female,Laboratory Technician,1,7460,2,3,No,4,4,1,37,2,Single,No
1181,52,Male,Research Scientist,3,4805,2,2,No,5,3,0,40,5,Married,Yes
1182,26,Female,Laboratory Technician,2,5218,3,4,Yes,4,3,2,43,5,Married,No
1183,52,Male,Healthcare Representative,1,5219,3,4,No,2,2,1,4,2,Single,Yes
1184,24,Female,Sales Representative,3,4549,1,3,No,2,3,2,15,4,Divorced,No
1185,31,Male,Sales Representative,4,8575,1,2,No,2,1,1,20,1,Married,No
1186,37,Female,Human Resources,3,4748,1,2,No,2,3,3,44,1,Single,No
1187,58,Male,Laboratory Technician,3,1641,3,1,Yes,2,2,0,20,3,Married,Yes
1188,44,Female,Manager,3,3819,4,2,No,3,3,0,21,4,Divorced,No
1189,25,Female,Healthcare Representative,2,5536,3,3,No,5,1,1,10,4,Single,Yes
1190,54,Male,Manufacturing Technician,1,8687,4,3,No,3,3,2,30,3,Married,No
1191,26,Female,Research Scientist,4,6809,3,4,No,3,3,0,24,5,Married,Yes
1192,42,Female,Healthcare Representative,3,2448,2,2,No,5,3,0,48,2,Single,No
1193,31,Male,Laboratory Technician,4,12455,1,3,No,4,3,0,40,5,Married,Yes
1194,36,Male,Research Director,1,5794,4,2,No,1,3,0,40,0,Single,No
1195,53,Female,Research Scientist,4,8826,3,3,No,2,3,1,38,3,Single,No
1196,29,Male,Sales Executive,3,4544,2,2,No,1,2,0,3,2,Single,No
1197,26,Male,Sales Representative,3,6600,3,2,No,5,3,1,29,5,Single,No
1198,36,Male,Laboratory Technician,3,7518,3,2,No,0,3,1,8,5,Single,Yes
1199,49,Female,Sales Executive,4,8654,3,3,No,5,3,2,29,4,Married,No
1200,23,Male,Human Resources,3,8172,4,4,Yes,4,3,2,10,3,Single,No
1201,40,Female,Manufacturing Technician,3,7616,3,2,No,3,3,0,5,0,Married,No
1202,56,Female,Manufacturing Technician,5,4054,3,1,Yes,3,3,1,11,1,Married,No
1203,39,Female,Sales Executive,4,3284,1,2,No,3,3,1,4,3,Single,No
1204,46,Female,Sales Representative,3,5997,1,3,No,1,4,0,49,0,Married,No
1205,23,Male,Human Resources,4,7799,2,1,No,1,1,0,35,0,Married,Yes
1206,39,Female,Research Director,3,4331,1,3,No,2,3,0,50,3,Married,No
1207,40,Male,Sales Representative,2,8195,3,4,Yes,3,1,0,40,2,Single,No
1208,52,Male,Healthcare Representative,3,9357,3,4,No,3,3,0,12,3,Married,No
1209,27,Male,Manufacturing Technician,5,2251,1,1,No,3,3,0,21,5,Divorced,Yes
1210,53,Male,Healthcare Representative,5,2489,4,4,No,4,3,0,16,4,Single,Yes
1211,59,Female,Research Scientist,3,4578,2,3,Yes,5,4,1,14,5,Single,No
1212,38,Female,Manager,3,5922,2,2,No,2,3,0,21,0,Married,No
1213,21,Male,Laboratory Technician,2,3426,2,3,No,2,4,0,48,0,Single,No
1214,31,Male,Human Resources,5,9056,2,3,No,3,3,3,27,1,Married,No
1215,48,Female,Sales Representative,5,6272,2,2,No,2,2,1,36,0,Single,No
1216,45,Male,Manufacturing Technician,3,5118,3,2,No,4,3,0,1,1,Single,Yes
1217,43,Male,Healthcare Representative,4,1500,3,2,No,5,3,3,1,0,Married,No
1218,51,Male,Research Scientist,4,1500,4,3,No,4,2,1,22,0,Single,No
1219,50,Female,Laboratory Technician,3,5843,1,1,No,4,3,1,15,3,Single,No
1220,55,Female,Laboratory Technician,1,1500,1,4,No,5,3,1,20,3,Single,No
1221,27,Male,Sales Representative,3,8037,1,3,No,2,4,1,3,4,Single,No
1222,36,Male,Human Resources,3,4525,3,3,No,5,3,1,14,5,Married,No
1223,46,Female,Research Director,3,14729,1,1,No,1,3,0,9,2,Divorced,No
1224,22,Female,Sales Representative,3,11923,4,3,No,2,4,1,19,4,Single,No
1225,21,Male,Healthcare Representative,5,4455,3,1,No,3,3,1,40,0,Married,Yes
1226,32,Female,Manager,2,4680,3,1,Yes,3,3,1,34,4,Single,No
1227,25,Male,Sales Executive,3,7986,3,3,No,3,3,0,4,3,Married,No
1228,57,Male,Research Director,3,10109,2,2,Yes,2,3,2,33,5,Single,No
1229,52,Female,Human Resources,3,1500,2,3,No,5,3,1,43,0,Single,Yes
1230,29,Male,Research Scientist,3,1500,2,1,Yes,3,3,0,37,0,Married,Yes
1231,55,Female,Research Director,2,3133,3,2,No,2,3,1,2,4,Single,No
1232,39,Male,Manufacturing Technician,2,6748,2,1,No,3,3,1,27,5,Single,No
1233,36,Male,Human Resources,3,6490,1,4,No,6,3,2,45,1,Married,No
1234,23,Female,Manager,3,8209,4,3,No,8,4,0,17,2,Married,No
1235,40,Male,Manufacturing Technician,2,1500,1,3,No,3,2,0,49,5,Married,No
1236,44,Female,Research Director,4,1500,4,2,No,0,3,0,50,4,Married,No
1237,53,Male,Sales Executive,3,7574,3,1,No,5,3,2,31,4,Married,No
1238,44,Male,Sales Executive,3,2515,2,4,No,3,2,1,41,2,Single,No
1239,31,Male,Manager,4,1500,1,2,No,4,3,2,6,0,Single,No
1240,28,Female,Laboratory Technician,2,5435,1,2,No,3,3,0,31,0,Married,No
1241,56,Male,Research Scientist,1,7379,3,3,No,2,3,1,3,1,Married,No
1242,58,Female,Laboratory Technician,4,4633,3,1,Yes,3,3,1,40,4,Married,No
1243,40,Male,Sales Executive,3,3626,3,3,No,1,3,1,3,2,Married,No
1244,55,Female,Sales Executive,3,4521,4,3,No,3,3,1,33,4,Single,No
1245,45,Male,Healthcare Representative,4,3888,3,2,No,0,2,2,13,3,Single,No
1246,55,Female,Manufacturing Technician,4,1500,2,1,No,1,3,2,21,4,Single,Yes
1247,45,Female,Research Director,5,2855,2,1,No,3,3,0,37,4,Married,Yes
1248,49,Female,Research Scientist,3,6563,4,4,No,1,3,0,16,3,Married,No
1249,38,Female,Manager,3,5965,2,3,No,0,3,3,21,3,Married,No
1250,38,Female,Research Director,3,5504,1,2,No,0,3,1,48,2,Married,No
1251,22,Female,Healthcare Representative,2,2014,3,1,No,4,3,1,44,0,Married,Yes
1252,55,Male,Sales Executive,3,4455,3,3,No,3,3,2,13,1,Married,No
1253,36,Male,Manager,2,1500,4,3,No,4,3,2,4,3,Divorced,No
1254,56,Female,Sales Executive,5,5535,3,2,Yes,7,2,1,31,0,Married,No
1255,53,Female,Research Scientist,3,9286,1,2,No,3,3,2,9,2,Divorced,Yes
1256,24,Female,Manufacturing Technician,3,1500,4,2,No,1,3,1,48,5,Single,Yes
1257,53,Male,Research Director,3,3242,2,3,No,3,3,0,33,4,Single,No
1258,34,Male,Research Director,1,5987,2,4,No,3,3,1,37,2,Married,No
1259,41,Male,Laboratory Technician,1,8758,3,1,No,2,3,1,37,2,Divorced,No
1260,40,Female,Manager,3,3655,1,3,No,7,3,1,24,3,Single,Yes
1261,28,Male,Healthcare Representative,1,2923,3,2,No,2,3,1,25,1,Single,No
1262,27,Male,Laboratory Technician,3,1500,1,2,No,4,1,0,41,3,Married,Yes
1263,23,Male,Research Scientist,4,5310,3,2,No,3,3,0,29,4,Married,No
1264,37,Male,Healthcare Representative,4,11126,2,3,Yes,2,2,2,40,3,Single,No
1265,53,Male,Manufacturing Technician,3,5832,3,2,No,0,3,5,50,4,Married,No
1266,32,Male,Manufacturing Technician,2,4933,4,3,No,7,3,1,47,3,Divorced,No
1267,42,Female,Manufacturing Technician,4,5966,2,2,No,5,3,1,36,5,Married,Yes
1268,42,Male,Manufacturing Technician,4,4966,2,1,Yes,5,2,1,15,1,Single,No
1269,50,Male,Laboratory Technician,2,2560,2,1,Yes,1,4,1,45,5,Single,Yes
1270,58,Male,Human Resources,4,7469,2,3,Yes,4,3,2,18,0,Single,No
1271,58,Male,Healthcare Representative,2,5677,3,1,No,4,3,1,20,1,Single,No
1272,28,Male,Manager,4,5052,3,3,Yes,2,3,2,5,3,Single,No
1273,47,Male,Research Scientist,5,2073,2,2,No,1,2,2,18,2,Married,No
1274,47,Female,Sales Representative,1,8910,2,2,No,4,4,0,40,0,Single,No
1275,54,Male,Sales Executive,4,6994,1,2,Yes,5,3,1,1,2,Married,Yes
1276,41,Female,Manager,3,3341,3,2,No,5,3,1,19,5,Divorced,No
1277,50,Female,Sales Executive,5,8005,1,1,No,2,3,2,23,1,Single,No
1278,53,Female,Healthcare Representative,3,3507,4,2,No,6,3,2,26,0,Divorced,Yes
1279,48,Male,Manager,4,2653,3,3,No,3,4,1,49,5,Married,No
1280,53,Male,Manufacturing Technician,1,2720,2,3,No,4,3,3,29,3,Married,No
1281,25,Male,Manufacturing Technician,3,1500,3,2,No,4,2,2,34,2,Single,No
1282,39,Male,Sales Representative,1,6414,4,2,No,2,3,0,19,3,Married,No
1283,24,Female,Sales Executive,5,1500,3,1,Yes,10,3,0,48,4,Single,No
1284,55,Male,Research Scientist,4,1500,2,2,No,4,1,0,18,0,Married,No
1285,37,Male,Healthcare Representative,4,1500,2,1,No,3,3,0,2,2,Single,Yes
1286,48,Female,Manufacturing Technician,5,4741,4,4,No,0,3,0,27,1,Married,No
1287,50,Female,Human Resources,1,4549,3,2,No,2,3,1,6,1,Single,No
1288,49,Male,Laboratory Technician,3,4019,3,2,No,2,3,0,39,1,Single,No
1289,26,Male,Laboratory Technician,1,1872,4,2,No,1,4,0,6,5,Married,Yes
1290,55,Male,Research Scientist,2,1500,4,1,No,4,2,0,6,1,Married,No
1291,57,Male,Laboratory Technician,2,6393,4,3,No,4,3,0,31,2,Single,No
1292,44,Male,Sales Executive,3,3348,1,1,No,2,2,4,41,5,Single,No
1293,49,Male,Manufacturing Technician,2,5949,3,1,No,3,3,0,40,4,Married,No
1294,51,Male,Manufacturing Technician,2,2344,3,3,No,6,4,0,30,1,Married,No
1295,55,Male,Human Resources,2,5543,3,2,No,2,3,1,21,1,Single,No
1296,53,Male,Manager,2,8909,3,3,No,2,3,1,41,5,Married,No
1297,41,Male,Laboratory Technician,5,6758,2,3,No,4,3,0,44,1,Married,No
1298,52,Male,Sales Executive,4,3762,3,2,Yes,5,3,3,18,4,Single,No
1299,43,Female,Research Director,5,5771,3,3,No,2,4,3,23,5,Married,No
1300,53,Female,Laboratory Technician,3,4278,1,1,No,2,4,2,38,5,Married,No
1301,23,Male,Research Scientist,2,5023,3,3,Yes,4,3,3,23,0,Married,Yes
1302,38,Male,Manager,4,4023,2,2,No,3,4,2,28,5,Single,No
1303,45,Male,Laboratory Technician,3,4506,2,2,No,4,2,0,36,1,Married,No
1304,51,Female,Sales Executive,2,5636,1,3,No,3,3,1,25,5,Single,No
1305,23,Female,Laboratory Technician,2,2019,3,4,No,2,2,1,7,1,Divorced,No
1306,44,Male,Research Scientist,2,1952,3,4,No,5,3,2,18,1,Single,No
1307,52,Female,Research Director,2,1500,3,3,No,0,3,0,20,5,Married,No
1308,42,Male,Healthcare Representative,3,1500,3,2,No,4,3,1,5,0,Married,No
1309,43,Male,Sales Representative,3,1500,4,2,Yes,3,3,0,18,1,Single,No
1310,22,Female,Research Director,1,5478,2,2,No,1,3,4,42,0,Married,No
1311,47,Female,Laboratory Technician,2,2321,1,2,No,4,3,0,40,0,Married,Yes
1312,22,Female,Manufacturing Technician,4,6540,4,2,No,4,3,0,33,5,Single,No
1313,46,Female,Human Resources,2,5104,2,4,Yes,3,3,2,15,3,Married,No
1314,37,Male,Manufacturing Technician,3,1500,4,2,No,0,3,1,35,3,Married,No
1315,53,Female,Research Director,4,6964,4,2,No,3,3,2,47,1,Single,No
1316,29,Male,Manufacturing Technician,2,7432,3,2,No,5,3,2,46,2,Divorced,No
1317,59,Female,Sales Executive,1,2018,4,3,No,1,3,2,1,3,Married,Yes
1318,49,Male,Manufacturing Technician,3,6260,1,3,Yes,5,3,0,21,5,Single,No
1319,46,Female,Manager,3,2430,2,3,No,2,3,1,8,5,Married,No
1320,55,Male,Healthcare Representative,3,5293,3,2,No,2,3,2,7,3,Single,No
1321,45,Female,Laboratory Technician,4,1500,2,3,No,2,3,1,41,2,Married,No
1322,44,Male,Manufacturing Technician,2,1500,4,1,Yes,3,3,3,50,4,Divorced,Yes
1323,33,Female,Research Scientist,3,3851,1,4,No,5,3,2,44,1,Single,No
1324,27,Male,Healthcare Representative,3,4628,3,3,No,5,3,3,40,4,Married,Yes
1325,56,Male,Healthcare Representative,2,3806,3,2,Yes,2,3,0,40,4,Married,No
1326,40,Male,Manufacturing Technician,3,1500,3,2,No,3,3,1,30,0,Single,No
1327,21,Male,Healthcare Representative,2,3800,2,3,Yes,0,3,0,38,0,Divorced,No
1328,28,Female,Human Resources,3,5807,2,1,No,4,3,0,35,1,Married,No
1329,36,Male,Manufacturing Technician,1,4865,4,4,No,2,3,0,2,2,Married,No
1330,34,Female,Sales Executive,3,5547,2,2,Yes,8,3,0,46,0,Married,Yes
1331,32,Male,Research Director,3,2989,4,2,Yes,5,3,1,8,3,Single,No
1332,43,Male,Manager,4,8515,3,1,No,4,2,1,38,1,Single,No
1333,35,Female,Sales Representative,1,1500,3,2,Yes,3,3,1,4,5,Divorced,No
1334,48,Female,Healthcare Representative,3,6462,3,2,No,3,3,2,37,4,Married,No
1335,54,Male,Sales Executive,3,8545,2,2,No,1,2,1,21,1,Married,No
1336,22,Male,Laboratory Technician,4,6442,3,3,No,1,3,4,13,5,Single,No
1337,52,Female,Laboratory Technician,3,4392,4,2,No,3,3,1,9,5,Married,No
1338,43,Male,Manager,3,3415,3,4,Yes,4,2,1,45,0,Divorced,No
1339,42,Female,Healthcare Representative,4,8108,4,3,No,2,3,2,29,5,Single,No
1340,45,Female,Human Resources,4,1500,3,3,Yes,2,3,0,41,2,Single,No
1341,42,Female,Manager,3,2089,1,1,No,4,3,0,24,5,Married,No
1342,42,Male,Healthcare Representative,3,3807,2,2,No,2,3,1,16,5,Single,No
1343,26,Female,Sales Executive,4,8712,4,2,No,3,3,3,12,4,Single,No
1344,35,Male,Research Director,5,6139,2,3,Yes,2,3,0,2,2,Married,No
1345,57,Male,Human Resources,4,2095,4,4,No,1,3,3,19,1,Divorced,No
1346,53,Male,Sales Representative,3,4069,4,1,No,4,3,1,30,2,Married,No
1347,28,Male,Laboratory Technician,2,3157,2,1,No,3,3,3,16,2,Married,Yes
1348,25,Female,Research Scientist,3,2870,1,4,No,2,3,0,24,1,Married,Yes
1349,59,Female,Sales Executive,4,7936,3,2,No,4,3,2,13,4,Married,No
1350,24,Female,Laboratory Technician,3,1500,2,3,No,2,3,1,5,5,Single,No
1351,26,Male,Manufacturing Technician,3,9826,3,3,No,3,3,1,23,2,Single,No
1352,52,Male,Research Scientist,4,7484,3,3,No,0,3,1,38,2,Single,No
1353,50,Male,Laboratory Technician,3,8272,3,1,No,4,3,1,31,1,Single,Yes
1354,55,Female,Manager,4,3611,3,1,No,4,3,0,17,3,Single,No
1355,36,Male,Human Resources,3,4550,2,3,No,3,3,1,49,2,Single,No
1356,33,Female,Laboratory Technician,3,1500,3,4,No,0,3,4,49,0,Single,No
1357,50,Male,Sales Representative,3,3426,2,2,No,0,3,0,3,5,Single,No
1358,39,Male,Research Director,4,6480,2,2,No,3,3,1,26,5,Married,No
1359,37,Female,Manager,2,8888,3,3,Yes,2,3,1,13,4,Single,No
1360,39,Male,Sales Executive,2,1678,4,4,No,3,3,1,44,2,Married,No
1361,48,Female,Sales Executive,5,3903,2,3,No,2,3,1,38,1,Single,Yes
1362,46,Female,Sales Executive,2,4546,3,4,No,6,4,0,22,0,Married,No
1363,57,Male,Sales Executive,3,1500,3,1,No,4,3,1,21,1,Divorced,Yes
1364,46,Male,Research Director,3,6774,2,1,No,3,3,2,29,2,Married,No
1365,43,Male,Laboratory Technician,3,2828,2,3,No,4,3,2,45,0,Married,No
1366,29,Female,Healthcare Representative,3,4413,4,3,No,6,3,1,46,4,Divorced,No
1367,32,Male,Laboratory Technician,2,3644,3,2,No,3,2,0,39,4,Single,No
1368,21,Female,Manufacturing Technician,3,2631,3,2,No,0,3,0,5,4,Divorced,No
1369,21,Female,Human Resources,3,4978,3,3,No,0,2,1,14,3,Married,No
1370,54,Female,Research Scientist,3,4353,1,1,No,7,3,1,18,1,Married,No
1371,52,Male,Healthcare Representative,2,3884,3,2,No,5,3,1,4,2,Single,No
1372,45,Female,Healthcare Representative,3,2814,3,3,No,2,3,0,33,0,Married,No
1373,21,Female,Laboratory Technician,2,5958,3,3,No,6,3,1,39,5,Married,No
1374,36,Male,Healthcare Representative,2,9960,2,3,No,6,3,0,20,5,Married,No
1375,59,Male,Manufacturing Technician,2,5419,1,2,No,2,2,0,13,1,Married,No
1376,25,Female,Research Scientist,2,7988,2,3,No,4,3,2,36,2,Single,No
1377,42,Male,Sales Representative,4,1500,4,3,No,2,2,0,45,3,Single,No
1378,49,Female,Research Director,2,5473,3,3,No,1,1,1,4,2,Single,No
1379,23,Male,Laboratory Technician,5,1707,3,3,No,5,2,3,35,1,Single,No
1380,32,Male,Research Director,5,1500,1,2,No,7,3,3,8,2,Single,No
1381,46,Female,Sales Representative,3,2781,1,1,Yes,0,3,0,40,5,Single,Yes
1382,36,Male,Laboratory Technician,2,8575,3,1,No,2,3,1,49,5,Single,No
1383,57,Male,Laboratory Technician,3,7850,3,2,No,0,3,3,47,0,Married,No
1384,42,Male,Research Scientist,4,5729,3,3,No,4,1,0,36,3,Single,No
1385,49,Male,Research Director,3,1500,2,3,No,5,3,1,6,5,Divorced,Yes
1386,34,Male,Sales Executive,1,4411,3,3,No,2,2,1,22,0,Married,No
1387,48,Male,Research Director,3,5905,2,3,No,1,3,2,6,3,Married,No
1388,25,Female,Human Resources,4,5526,2,2,Yes,3,2,0,42,5,Single,Yes
1389,50,Male,Human Resources,4,1500,3,2,Yes,2,3,3,36,3,Married,No
1390,25,Female,Laboratory Technician,2,2329,2,2,No,3,3,0,9,2,Married,No
1391,32,Male,Sales Executive,3,4807,2,1,No,3,4,0,16,0,Divorced,Yes
1392,36,Female,Manager,2,6608,3,1,No,5,3,0,39,3,Married,Yes
1393,46,Male,Sales Representative,2,1500,3,3,No,4,3,2,46,3,Married,No
1394,46,Female,Manufacturing Technician,4,4513,4,4,Yes,2,2,0,38,2,Married,No
1395,41,Male,Sales Executive,2,5429,3,1,No,7,3,0,33,5,Single,No
1396,59,Male,Manufacturing Technician,2,7548,1,1,No,3,3,2,18,5,Single,No
1397,56,Male,Research Director,1,7078,2,3,Yes,3,2,1,12,1,Married,No
1398,53,Male,Research Director,4,6747,4,2,Yes,0,3,1,27,1,Single,No
1399,50,Male,Manufacturing Technician,4,2600,3,3,Yes,6,2,2,47,5,Single,Yes
1400,57,Male,Sales Representative,3,1500,3,3,Yes,3,3,0,1,4,Married,No
1401,43,Female,Sales Executive,4,3820,1,4,No,0,3,1,15,4,Single,Yes
1402,30,Male,Manager,2,8004,3,2,Yes,6,3,2,47,3,Married,No
1403,25,Male,Laboratory Technician,3,9180,1,3,No,3,4,0,27,5,Divorced,No
1404,56,Female,Research Scientist,3,7131,3,2,Yes,6,1,0,16,1,Single,No
1405,54,Female,Research Director,1,6288,4,3,No,1,3,1,21,3,Single,No
1406,51,Male,Human Resources,3,6138,4,2,No,5,3,1,1,0,Single,No
1407,30,Male,Sales Representative,5,3331,3,1,No,4,4,4,29,1,Single,No
1408,39,Male,Research Scientist,1,4609,3,3,No,4,3,1,3,1,Single,No
1409,52,Female,Manager,2,10007,4,3,No,4,3,0,12,1,Single,No
1410,21,Female,Healthcare Representative,2,2172,3,3,No,1,3,0,28,4,Single,No
1411,25,Male,Laboratory Technician,2,9844,1,3,Yes,1,3,2,39,2,Single,Yes
1412,24,Female,Research Director,5,4033,3,3,No,9,2,3,37,2,Married,No
1413,36,Female,Laboratory Technician,3,8976,2,1,No,6,3,1,31,4,Married,No
1414,44,Male,Research Scientist,3,1500,3,3,No,4,2,0,31,5,Married,No
1415,36,Female,Laboratory Technician,4,6757,3,3,Yes,2,3,1,33,5,Married,Yes
1416,22,Male,Healthcare Representative,2,2789,3,4,No,3,3,0,33,4,Single,No
1417,48,Male,Research Scientist,3,1500,2,4,No,4,3,3,47,4,Married,No
1418,52,Male,Research Director,3,5655,2,1,Yes,4,2,1,40,5,Single,No
1419,47,Male,Sales Executive,3,8028,3,3,No,2,4,0,11,2,Single,No
1420,40,Male,Human Resources,5,2465,4,1,Yes,1,3,1,46,3,Married,No
1421,44,Female,Research Scientist,4,1500,3,2,No,4,2,0,29,4,Single,No
1422,32,Male,Healthcare Representative,3,4724,2,3,No,1,3,1,25,3,Single,No
1423,55,Male,Research Scientist,4,4737,4,1,No,4,3,3,13,3,Married,No
1424,53,Male,Research Scientist,2,6644,4,3,No,5,2,1,44,0,Divorced,No
1425,53,Female,Research Director,1,7848,2,1,No,2,3,1,19,2,Single,No
1426,57,Male,Research Scientist,2,4821,1,1,Yes,4,3,0,36,3,Single,No
1427,32,Male,Human Resources,3,10566,3,3,No,2,4,1,28,2,Married,No
1428,23,Male,Laboratory Technician,3,5672,4,3,No,3,3,0,4,2,Married,No
1429,21,Male,Research Director,3,3960,4,4,No,4,3,1,3,0,Single,No
1430,53,Female,Human Resources,5,1500,4,3,No,4,3,0,38,5,Married,No
1431,30,Female,Research Director,3,4212,3,3,Yes,3,4,1,37,2,Divorced,No
1432,49,Male,Human Resources,3,3990,3,2,No,5,4,2,43,3,Single,No
1433,33,Female,Healthcare Representative,1,7880,1,1,No,3,4,1,25,5,Divorced,No
1434,32,Female,Human Resources,1,6387,2,1,No,2,2,0,41,5,Divorced,No
1435,51,Female,Manufacturing Technician,3,1500,3,3,No,1,2,0,35,1,Single,Yes
1436,22,Male,Human Resources,3,5516,3,3,No,4,3,1,29,3,Married,No
1437,55,Male,Sales Executive,4,7014,3,2,No,2,3,1,41,3,Single,No
1438,43,Male,Sales Executive,2,9584,3,3,No,4,1,1,29,2,Married,No
1439,37,Female,Sales Representative,1,7662,2,3,Yes,5,2,2,12,3,Married,No
1440,46,Male,Manufacturing Technician,3,7282,3,1,No,0,3,0,35,1,Single,No
1441,28,Male,Manufacturing Technician,2,5180,1,1,No,2,3,1,20,2,Married,Yes
1442,49,Male,Laboratory Technician,1,6164,3,3,Yes,2,3,0,17,4,Married,No
1443,46,Female,Manufacturing Technician,4,8748,3,3,Yes,2,3,0,12,3,Single,No
1444,30,Male,Laboratory Technician,2,1500,3,4,No,1,3,0,50,3,Single,No
1445,46,Female,Sales Representative,3,3951,4,1,No,2,3,1,36,0,Single,No
1446,54,Female,Sales Representative,2,2682,2,4,No,2,3,1,10,4,Married,No
1447,27,Male,Healthcare Representative,2,6137,3,2,Yes,7,2,2,18,4,Divorced,No
1448,24,Female,Sales Executive,3,8690,2,1,No,2,3,3,30,1,Married,No
1449,31,Male,Human Resources,4,3209,3,4,Yes,3,3,2,8,4,Single,No
1450,49,Female,Human Resources,3,1500,4,2,No,1,3,0,41,0,Married,No
1451,56,Male,Manager,4,3763,3,3,No,4,2,0,13,1,Single,No
1452,45,Female,Research Director,2,7740,4,1,No,2,4,2,31,4,Single,No
1453,41,Female,Healthcare Representative,4,6612,2,3,No,3,3,2,6,1,Married,Yes
1454,56,Female,Manager,2,6284,4,4,No,5,2,1,7,4,Married,No
1455,30,Female,Manager,3,4160,1,2,No,3,3,3,21,4,Married,No
1456,57,Male,Research Scientist,3,1500,4,3,No,3,3,1,38,5,Divorced,Yes
1457,29,Female,Research Scientist,5,6545,2,1,No,3,3,0,43,4,Married,No
1458,44,Female,Manager,3,2497,2,3,No,4,3,2,49,3,Married,No
1459,55,Male,Manufacturing Technician,1,11552,3,2,Yes,6,3,0,28,4,Single,No
1460,55,Male,Research Director,1,6711,4,2,Yes,5,3,1,44,3,Divorced,No
1461,56,Female,Healthcare Representative,4,3258,1,2,No,1,3,1,21,2,Married,No
1462,38,Female,Manager,3,3165,2,1,No,4,1,2,21,5,Married,No
1463,59,Female,Human Resources,4,4721,4,4,No,1,3,0,24,0,Single,Yes
1464,52,Male,Research Director,2,4281,2,2,No,3,3,2,27,1,Married,No
1465,44,Female,Research Scientist,3,8350,2,2,No,4,1,1,27,1,Married,No
1466,43,Male,Human Resources,1,5559,3,2,No,4,3,1,13,2,Single,No
1467,52,Female,Research Scientist,5,2805,2,2,No,5,4,0,50,4,Married,No
1468,57,Male,Research Scientist,3,10671,4,3,No,3,3,1,29,0,Divorced,No
1469,32,Female,Research Director,5,5147,3,4,No,1,3,4,39,2,Single,No
1470,33,Female,Research Scientist,2,7306,3,2,No,1,4,1,28,2,Single,No
1471,43,Male,Sales Representative,3,3175,4,4,Yes,4,2,0,37,1,Married,No
1472,45,Female,Sales Executive,3,6089,3,3,No,5,2,1,29,3,Single,No
1473,55,Male,Sales Representative,3,5933,1,1,Yes,2,3,3,48,3,Married,Yes
1474,50,Female,Sales Executive,4,1500,2,3,Yes,4,3,1,22,4,Married,No
1475,37,Female,Research Scientist,5,11045,3,3,No,6,3,1,36,4,Single,Yes
1476,40,Male,Healthcare Representative,4,8871,2,3,No,3,3,1,30,2,Married,No
1477,45,Female,Healthcare Representative,4,3808,4,4,No,3,3,0,28,4,Married,No
1478,42,Female,Sales Executive,2,1693,3,2,No,3,3,1,23,3,Married,No
1479,33,Male,Human Resources,2,6042,2,4,No,2,3,1,33,0,Married,Yes
1480,39,Male,Research Director,5,5260,3,3,No,4,1,0,4,1,Married,No
1481,56,Female,Research Scientist,1,6067,3,2,No,2,3,1,3,3,Single,No
1482,32,Female,Research Director,4,5574,4,3,No,1,3,1,32,5,Single,No
1483,39,Female,Sales Representative,4,6518,4,2,No,2,3,0,4,4,Single,No
1484,32,Female,Healthcare Representative,3,9341,3,4,No,2,4,0,1,1,Single,No
1485,29,Male,Manufacturing Technician,5,6704,3,3,No,4,3,0,12,5,Married,No
1486,27,Female,Sales Representative,3,1851,3,1,Yes,4,3,1,13,1,Married,Yes
1487,48,Male,Sales Representative,3,9087,3,2,No,3,3,1,34,2,Married,No
1488,34,Male,Sales Executive,1,9921,1,3,No,4,3,0,29,4,Single,No
1489,51,Male,Laboratory Technician,3,14456,1,1,No,4,3,1,9,2,Single,No
1490,39,Male,Sales Representative,2,1629,3,1,Yes,1,3,2,31,1,Married,No
1491,36,Male,Research Scientist,3,5728,2,2,No,5,2,1,7,2,Single,No
1492,25,Male,Manager,4,1500,1,2,No,4,4,0,13,4,Married,No
1493,55,Female,Manager,5,6659,3,2,No,1,3,0,2,3,Single,No
1494,32,Male,Research Scientist,2,3355,1,2,No,5,3,1,33,0,Divorced,Yes
1495,45,Male,Laboratory Technician,3,10770,3,1,Yes,4,3,0,50,5,Married,No
1496,41,Male,Laboratory Technician,5,2676,3,3,No,1,3,1,7,3,Married,No
1497,56,Male,Sales Executive,1,1500,4,3,No,2,3,0,18,1,Single,No
1498,43,Male,Healthcare Representative,1,3586,3,2,No,4,3,0,8,3,Married,No
1499,36,Male,Research Director,2,1500,1,2,No,2,3,1,12,2,Divorced,Yes
1500,59,Female,Laboratory Technician,3,7253,3,3,Yes,6,2,2,43,4,Married,No
1501,59,Female,Manufacturing Technician,2,1500,4,1,No,4,3,0,30,3,Single,Yes
1502,34,Female,Sales Executive,5,5085,4,1,No,6,3,1,9,3,Single,No
1503,51,Male,Human Resources,3,1500,3,1,Yes,4,4,0,28,4,Single,Yes
1504,25,Male,Sales Executive,3,4039,2,3,No,4,3,0,4,2,Single,No
1505,55,Female,Sales Representative,2,9930,4,3,No,2,4,0,39,0,Married,No
1506,43,Male,Research Director,3,6081,2,3,Yes,1,2,2,17,3,Single,No
1507,49,Male,Human Resources,3,2409,3,3,No,3,2,2,11,5,Single,No
1508,31,Male,Human Resources,4,4906,3,3,Yes,2,3,2,2,1,Married,No
1509,38,Male,Manufacturing Technician,4,5054,1,2,No,4,3,0,23,2,Married,No
1510,32,Male,Manufacturing Technician,3,6417,2,3,No,5,3,0,50,2,Married,No
1511,29,Male,Manufacturing Technician,5,1500,2,1,No,0,3,2,22,3,Divorced,No
1512,30,Male,Sales Executive,4,6777,3,3,No,5,4,1,26,5,Single,No
1513,37,Male,Research Director,4,1500,4,3,No,3,3,1,12,4,Married,No
1514,58,Female,Sales Executive,1,3110,2,3,No,3,3,0,32,3,Single,No
1515,27,Female,Manager,1,3535,4,2,Yes,5,3,3,9,3,Single,No
1516,33,Female,Sales Representative,2,6899,1,2,No,0,3,0,43,4,Single,No
1517,29,Female,Sales Representative,3,5067,3,3,No,3,3,1,5,1,Single,No
1518,47,Female,Manufacturing Technician,3,1500,1,3,No,1,3,1,26,4,Single,Yes
1519,22,Male,Manager,3,2045,4,4,No,2,3,2,7,3,Single,No
1520,25,Male,Laboratory Technician,4,5596,3,2,No,3,3,1,29,0,Married,No
1521,49,Male,Laboratory Technician,4,4762,3,3,No,1,1,1,33,4,Married,No
1522,57,Female,Manufacturing Technician,5,3262,4,3,Yes,1,3,2,24,1,Divorced,Yes
1523,58,Female,Sales Executive,3,3557,3,4,No,4,3,1,25,4,Married,No
1524,39,Male,Manufacturing Technician,3,7088,4,3,Yes,5,1,0,31,4,Single,Yes
1525,28,Female,Healthcare Representative,2,3446,3,3,No,5,3,1,29,2,Single,No
1526,21,Male,Human Resources,2,4735,4,3,Yes,2,3,2,5,2,Single,No
1527,42,Female,Sales Representative,2,11509,3,3,Yes,2,3,1,38,3,Single,Yes
1528,37,Male,Laboratory Technician,3,1500,1,4,No,3,2,2,45,3,Married,No
1529,27,Male,Research Scientist,3,1500,3,1,No,5,3,2,11,4,Married,No
1530,45,Male,Laboratory Technician,4,7350,1,1,No,6,3,3,32,0,Single,Yes
1531,24,Male,Sales Representative,2,2964,3,4,No,3,3,1,8,5,Single,No
1532,56,Male,Human Resources,4,4045,3,3,No,1,3,0,20,3,Single,No
1533,26,Male,Sales Representative,3,2656,3,3,Yes,2,3,0,34,4,Single,No
1534,51,Female,Research Scientist,2,4220,1,2,No,2,3,2,47,4,Single,No
1535,39,Male,Manufacturing Technician,3,9795,2,1,No,2,3,3,42,5,Married,No
1536,59,Male,Manager,2,7406,3,3,No,2,3,1,8,4,Single,No
1537,47,Female,Research Scientist,3,7586,4,3,No,2,3,1,2,5,Married,No
1538,30,Female,Sales Representative,3,1500,2,2,No,3,3,1,21,5,Single,No
1539,46,Male,Sales Representative,2,1546,3,2,No,4,3,1,15,4,Single,No
1540,39,Male,Healthcare Representative,2,1500,3,3,Yes,3,3,0,6,4,Married,No
1541,59,Male,Healthcare Representative,3,2571,3,1,No,2,2,0,5,2,Married,No
1542,23,Male,Research Director,5,7870,2,4,No,2,3,0,3,5,Single,No
1543,33,Female,Healthcare Representative,3,6550,3,2,No,5,3,1,43,1,Married,No
1544,48,Male,Sales Executive,4,4335,2,3,No,3,3,1,43,5,Single,No
1545,40,Male,Manager,3,4933,4,4,Yes,2,3,1,16,1,Single,Yes
1546,48,Female,Human Resources,5,2933,1,3,Yes,1,3,0,35,4,Married,No
1547,28,Male,Research Scientist,4,5614,2,2,No,5,3,2,9,3,Married,No
1548,59,Male,Sales Representative,3,7297,1,3,No,2,3,1,35,0,Single,No
1549,21,Male,Research Director,3,1500,2,2,Yes,2,3,2,19,4,Single,No
1550,23,Female,Research Director,4,5898,3,2,No,5,4,1,43,0,Married,Yes
1551,33,Male,Human Resources,3,7797,2,4,No,2,3,1,46,2,Single,Yes
1552,48,Female,Manager,3,3754,1,3,No,3,3,1,34,1,Single,No
1553,45,Male,Research Scientist,1,7102,3,3,No,0,3,1,39,2,Married,No
1554,53,Male,Laboratory Technician,4,13443,1,2,No,0,3,0,10,3,Divorced,No
1555,58,Female,Healthcare Representative,4,4686,1,1,No,1,3,1,10,3,Single,Yes
1556,26,Female,Manufacturing Technician,2,6179,4,1,No,4,2,0,20,5,Married,No
1557,52,Female,Research Director,3,2785,3,3,No,6,3,0,1,4,Married,No
1558,41,Female,Healthcare Representative,3,5543,4,3,No,3,3,0,6,5,Single,No
1559,36,Female,Healthcare Representative,2,6380,4,3,No,1,3,3,46,3,Married,No
1560,41,Male,Sales Executive,5,5584,3,3,No,0,3,2,2,3,Divorced,No
1561,31,Male,Manager,2,1940,1,1,No,0,3,1,38,5,Single,No
1562,57,Female,Manufacturing Technician,1,5619,3,2,No,0,3,1,33,2,Single,No
1563,56,Male,Laboratory Technician,3,9386,4,2,No,1,3,0,3,0,Divorced,No
1564,55,Female,Sales Representative,4,6345,3,2,No,3,3,1,36,1,Married,Yes
1565,39,Female,Sales Executive,1,7885,3,1,Yes,5,2,0,13,3,Single,No
1566,40,Male,Healthcare Representative,3,4288,2,4,No,7,3,1,35,5,Married,No
1567,38,Male,Healthcare Representative,3,7249,4,2,No,0,3,1,15,3,Married,Yes
1568,34,Female,Manufacturing Technician,2,5837,3,4,No,4,1,0,45,2,Married,Yes
1569,35,Male,Manufacturing Technician,2,2147,4,2,No,2,3,2,22,1,Divorced,No
1570,51,Female,Manufacturing Technician,3,5955,2,4,No,2,3,2,43,2,Single,No
1571,21,Male,Healthcare Representative,2,2024,2,3,No,4,2,2,4,0,Single,No
1572,23,Female,Research Director,5,3101,2,4,Yes,0,3,0,17,2,Married,No
1573,36,Male,Research Scientist,4,5567,3,1,No,3,2,0,5,1,Single,Yes
1574,43,Female,Healthcare Representative,5,5891,2,3,No,1,3,0,21,1,Married,No
1575,31,Male,Sales Executive,2,1500,1,4,Yes,3,3,0,24,3,Single,No
1576,32,Male,Manager,5,8161,4,1,No,6,3,2,31,0,Single,No
1577,30,Male,Laboratory Technician,3,6716,1,1,No,3,3,1,40,4,Married,No
1578,52,Female,Sales Representative,3,2885,4,2,Yes,5,3,0,30,3,Married,No
1579,36,Female,Laboratory Technician,1,1500,2,4,Yes,2,1,0,42,5,Married,No
1580,28,Male,Healthcare Representative,1,4565,4,3,No,1,4,0,7,2,Married,No
1581,58,Male,Sales Executive,3,3662,3,3,No,4,3,1,49,2,Single,No
1582,32,Male,Healthcare Representative,3,5339,4,1,No,7,1,2,7,1,Single,No
1583,44,Female,Manager,2,3910,4,1,Yes,2,3,0,27,5,Married,No
1584,48,Female,Research Director,3,1500,1,3,No,4,3,3,24,1,Single,No
1585,28,Male,Sales Representative,2,3834,1,1,No,4,3,1,19,5,Married,No
1586,48,Male,Manager,3,4083,2,3,No,0,3,3,41,1,Married,No
1587,56,Male,Healthcare Representative,3,6900,3,4,Yes,5,3,1,34,4,Single,No
1588,46,Male,Sales Executive,4,2905,4,2,No,7,3,0,22,4,Married,No
1589,28,Male,Manager,4,10036,3,3,No,1,3,1,27,3,Single,No
1590,48,Female,Human Resources,3,1500,3,1,No,2,2,1,6,4,Married,Yes
1591,48,Male,Sales Executive,3,8933,2,3,No,3,4,1,10,5,Single,No
1592,57,Female,Research Director,3,4327,4,1,No,1,4,0,45,1,Single,No
1593,56,Male,Healthcare Representative,4,7578,4,3,No,2,3,0,31,5,Married,No
1594,47,Male,Manufacturing Technician,3,5239,2,2,No,2,3,1,25,3,Married,No
1595,37,Female,Sales Representative,2,8418,3,2,No,1,2,1,2,3,Married,Yes
1596,29,Female,Research Scientist,1,3837,1,3,No,7,3,0,10,0,Married,No
1597,53,Female,Manufacturing Technician,3,1704,3,1,No,0,2,1,10,4,Married,No
1598,40,Male,Healthcare Representative,3,9261,3,3,No,8,2,2,26,2,Single,No
1599,33,Male,Human Resources,4,4659,1,2,No,3,3,1,5,2,Married,Yes
1600,48,Female,Manufacturing Technician,2,5664,3,3,No,3,2,0,22,0,Married,No
1601,49,Male,Sales Representative,3,8704,2,1,No,0,1,1,4,1,Single,No
1602,33,Male,Sales Executive,4,1904,3,3,No,3,3,0,34,0,Married,No
1603,55,Male,Human Resources,4,6786,3,1,Yes,1,2,2,7,1,Divorced,No
1604,26,Male,Human Resources,3,3230,1,2,No,3,2,3,50,4,Single,No
1605,38,Female,Manager,3,4603,3,2,No,1,2,1,17,4,Divorced,No
1606,25,Male,Sales Representative,3,5216,3,3,No,1,3,4,11,3,Single,No
1607,45,Male,Manufacturing Technician,5,1500,2,2,No,5,3,0,50,3,Single,No
1608,22,Male,Manager,2,2663,1,4,No,4,3,0,8,3,Single,Yes
1609,30,Male,Human Resources,5,9053,3,4,No,9,3,1,28,3,Married,No
1610,50,Male,Manager,3,7658,4,1,No,2,3,1,44,2,Single,No
1611,25,Male,Laboratory Technician,3,4812,2,3,No,2,1,3,33,3,Married,No
1612,53,Male,Sales Representative,1,5729,2,1,No,2,2,0,25,3,Married,No
1613,21,Female,Research Director,3,4117,2,2,No,2,3,2,21,3,Married,Yes
1614,38,Male,Sales Executive,3,9069,3,3,Yes,4,3,0,12,1,Married,Yes
1615,52,Male,Human Resources,2,4398,2,3,No,1,3,0,26,5,Divorced,No
1616,31,Female,Sales Representative,3,5695,2,3,No,2,3,3,29,3,Married,No
1617,41,Female,Research Director,5,8438,3,2,No,2,3,2,38,0,Married,Yes
1618,46,Male,Research Director,3,2667,3,2,No,3,2,3,35,3,Married,No
1619,45,Male,Healthcare Representative,4,9676,2,1,No,1,3,0,37,3,Married,No
1620,42,Male,Manager,1,1500,3,3,Yes,1,3,2,46,2,Married,Yes
1621,47,Female,Research Director,3,9888,3,3,Yes,5,3,1,44,5,Single,No
1622,33,Female,Laboratory Technician,2,3881,1,3,No,4,3,2,45,3,Married,No
1623,53,Female,Sales Representative,3,4271,1,2,No,7,3,1,45,5,Single,No
1624,54,Male,Research Scientist,5,1500,4,2,Yes,1,4,1,29,1,Single,No
1625,55,Female,Research Scientist,3,3635,1,2,No,2,4,2,49,4,Married,No
1626,21,Male,Human Resources,1,1880,3,1,No,5,3,0,24,5,Divorced,No
1627,41,Male,Manager,3,3177,4,2,No,4,3,1,15,5,Divorced,No
1628,26,Male,Research Director,3,4588,2,3,No,5,3,2,6,3,Married,Yes
1629,48,Female,Sales Representative,3,7873,2,4,No,4,4,1,32,3,Married,No
1630,37,Male,Human Resources,4,5622,3,3,No,3,3,2,44,3,Single,No
1631,25,Female,Manufacturing Technician,4,5923,4,2,No,4,2,3,34,2,Married,Yes
1632,51,Male,Research Director,3,1713,4,1,No,6,3,1,36,4,Single,Yes
1633,25,Male,Manager,3,2357,3,4,No,4,2,2,20,2,Single,No
1634,58,Male,Research Scientist,2,10396,1,1,No,6,3,1,12,2,Married,Yes
1635,23,Male,Healthcare Representative,2,2794,3,4,Yes,2,3,0,35,2,Single,No
1636,43,Female,Sales Representative,3,9968,3,2,No,4,3,1,49,1,Single,No
1637,57,Male,Sales Executive,3,4270,3,2,No,0,2,1,38,4,Married,No
1638,57,Female,Human Resources,3,5006,1,4,No,3,4,3,17,1,Single,No
1639,30,Female,Sales Representative,3,8211,2,1,No,1,3,0,27,1,Single,No
1640,30,Female,Sales Representative,1,8815,3,3,No,4,3,2,17,4,Single,No
1641,39,Male,Laboratory Technician,3,4667,3,3,No,2,3,0,11,1,Single,No
1642,37,Male,Manufacturing Technician,2,3835,2,2,No,3,3,0,39,4,Single,No
1643,41,Male,Research Director,2,4832,2,2,No,4,3,0,2,5,Married,No
1644,34,Female,Research Director,4,6013,4,3,No,5,3,0,2,5,Single,No
1645,29,Female,Manager,1,7673,3,3,No,2,2,2,29,3,Married,No
1646,21,Male,Sales Executive,3,5012,2,1,No,4,3,4,45,2,Single,No
1647,33,Female,Sales Executive,2,6856,1,4,Yes,5,2,2,24,5,Married,No
1648,24,Male,Manager,4,9915,2,1,No,4,4,3,24,5,Married,No
1649,21,Female,Healthcare Representative,3,6143,4,2,Yes,5,1,1,16,1,Married,No
1650,52,Male,Research Director,2,5934,3,2,No,1,3,0,31,4,Married,No
1651,54,Female,Healthcare Representative,3,1500,3,1,No,3,3,0,49,0,Divorced,Yes
1652,48,Male,Sales Representative,4,1500,3,1,No,5,3,2,43,1,Single,Yes
1653,51,Female,Sales Representative,5,6165,2,4,No,1,3,1,9,1,Married,No
1654,28,Female,Research Scientist,2,4715,4,2,No,0,2,0,27,4,Married,No
1655,59,Female,Sales Executive,4,3455,3,1,No,1,3,1,41,0,Single,No
1656,46,Male,Research Scientist,5,5730,1,1,No,2,3,1,14,0,Single,No
1657,54,Male,Manufacturing Technician,5,4818,1,3,No,3,3,0,45,3,Single,Yes
1658,23,Male,Manager,3,8383,3,4,No,1,3,1,25,1,Married,No
1659,32,Male,Manager,3,5258,4,2,No,2,3,0,43,2,Single,No
1660,21,Male,Sales Representative,3,2759,2,1,No,2,3,2,44,5,Single,No
1661,25,Female,Research Director,4,7970,4,2,No,5,3,0,22,1,Married,No
1662,50,Male,Healthcare Representative,3,4348,3,1,No,1,3,2,35,2,Married,No
1663,50,Male,Sales Executive,3,6579,2,1,Yes,3,3,5,33,2,Single,No
1664,37,Male,Research Scientist,3,3567,1,2,Yes,2,3,2,27,4,Single,Yes
1665,43,Male,Healthcare Representative,4,3050,1,2,No,4,3,0,40,1,Married,No
1666,35,Female,Research Scientist,4,5252,3,3,Yes,5,2,1,26,4,Divorced,No
1667,57,Male,Manufacturing Technician,2,5038,2,2,Yes,3,3,0,19,3,Married,No
1668,41,Female,Manufacturing Technician,4,6439,2,4,No,3,3,4,45,2,Married,No
1669,34,Male,Healthcare Representative,3,4194,3,4,Yes,3,3,0,39,0,Single,No
1670,22,Female,Healthcare Representative,4,1500,3,3,No,2,3,1,45,2,Single,No
1671,31,Female,Healthcare Representative,3,3701,1,2,No,3,3,1,26,3,Married,No
1672,59,Male,Research Scientist,3,7381,3,2,No,6,3,0,6,2,Married,No
1673,58,Female,Laboratory Technician,5,4107,3,2,No,2,4,1,3,4,Married,No
1674,54,Male,Healthcare Representative,2,4260,3,3,No,1,3,2,6,1,Married,No
1675,58,Female,Research Director,4,7959,4,2,No,3,3,0,28,0,Divorced,No
1676,54,Male,Sales Executive,3,2864,2,4,No,1,2,3,3,4,Single,Yes
1677,38,Female,Sales Executive,3,1500,4,4,No,4,1,2,13,5,Single,No
1678,50,Female,Research Scientist,3,4518,3,2,Yes,5,3,0,13,1,Single,No
1679,35,Female,Healthcare Representative,3,3547,3,3,No,2,3,1,13,0,Single,No
1680,47,Female,Sales Representative,3,2101,3,1,No,3,3,0,1,3,Single,No
1681,54,Male,Manager,1,4473,3,2,No,0,3,2,40,2,Married,No
1682,58,Male,Laboratory Technician,2,6474,1,2,No,1,3,1,37,0,Single,Yes
1683,53,Male,Research Director,1,4972,3,2,No,7,3,2,31,5,Single,No
1684,44,Male,Sales Representative,5,5920,3,4,No,6,3,0,17,3,Single,Yes
1685,35,Female,Manufacturing Technician,5,10440,3,1,No,2,4,0,9,1,Divorced,No
1686,50,Male,Sales Representative,3,3971,2,2,No,2,3,1,45,0,Married,No
1687,37,Female,Research Scientist,4,5835,4,3,Yes,3,3,0,13,3,Divorced,No
1688,25,Female,Laboratory Technician,3,3472,3,3,No,4,3,3,37,1,Divorced,No
1689,49,Female,Human Resources,3,2460,1,2,No,3,3,0,14,4,Married,No
1690,24,Male,Human Resources,4,3245,3,4,No,4,3,2,11,2,Single,No
1691,30,Female,Healthcare Representative,5,3563,3,3,Yes,1,3,0,25,3,Single,Yes
1692,37,Female,Healthcare Representative,3,6078,3,2,No,4,3,1,31,4,Single,No
1693,30,Male,Research Scientist,4,12047,3,1,No,3,4,2,14,5,Married,No
1694,37,Female,Healthcare Representative,2,2851,4,2,No,4,3,0,7,5,Single,No
1695,40,Female,Manager,5,3750,2,3,No,4,3,1,24,1,Single,No
1696,44,Male,Laboratory Technician,1,4810,3,3,Yes,4,3,3,49,0,Married,No
1697,25,Male,Research Scientist,3,6187,4,3,No,3,3,0,36,2,Married,No
1698,54,Male,Sales Executive,3,5790,4,2,No,0,3,1,42,1,Married,No
1699,26,Male,Manufacturing Technician,3,8852,3,1,No,4,2,0,42,3,Single,No
1700,22,Male,Research Scientist,2,1500,4,1,No,3,2,3,47,2,Married,No
1701,33,Male,Research Scientist,5,1500,1,2,No,6,3,2,44,4,Married,No
1702,31,Male,Human Resources,2,3512,4,3,No,1,3,1,41,2,Single,No
1703,43,Male,Research Director,3,8291,2,3,Yes,3,3,0,3,4,Married,Yes
1704,36,Female,Research Director,2,1500,2,2,No,3,3,0,47,1,Divorced,No
1705,51,Male,Manager,3,1500,2,2,No,3,3,2,44,0,Single,No
1706,31,Female,Sales Executive,3,6713,3,2,No,3,2,0,26,5,Single,No
1707,36,Male,Human Resources,3,5730,2,2,No,2,2,0,47,2,Married,No
1708,28,Male,Sales Executive,2,1729,2,2,No,3,3,0,26,0,Single,No
1709,24,Male,Manager,2,2043,1,1,No,3,3,1,1,0,Married,No
1710,24,Male,Research Director,3,2090,2,1,No,3,3,0,15,5,Single,Yes
1711,45,Male,Research Scientist,4,5331,3,1,No,2,3,2,11,2,Married,Yes
1712,23,Female,Healthcare Representative,4,3121,3,1,No,2,3,0,37,2,Married,No
1713,52,Male,Healthcare Representative,1,6482,2,1,No,2,2,0,7,0,Married,Yes
1714,23,Female,Sales Representative,3,1500,3,3,No,5,2,1,12,3,Single,No
1715,47,Female,Manufacturing Technician,2,2429,4,2,No,2,4,0,38,3,Single,Yes
1716,49,Male,Manager,1,1621,3,4,No,6,3,2,3,2,Single,No
1717,52,Male,Manufacturing Technician,3,4230,2,1,No,4,3,0,42,0,Single,No
1718,39,Female,Manufacturing Technician,3,3385,3,2,No,3,3,1,26,0,Single,No
1719,41,Male,Research Director,2,7393,2,2,Yes,3,3,3,30,1,Married,No
1720,25,Male,Research Director,2,1500,1,1,Yes,0,3,0,32,0,Single,Yes
1721,38,Female,Research Scientist,1,5136,2,3,No,5,2,0,36,5,Married,No
1722,48,Male,Human Resources,4,6675,4,1,No,2,3,4,45,3,Single,Yes
1723,42,Female,Research Director,5,10569,2,4,No,3,3,3,37,1,Married,No
1724,41,Female,Healthcare Representative,2,3554,1,4,No,3,3,0,18,5,Divorced,No
1725,26,Male,Manufacturing Technician,2,5973,1,3,No,4,2,1,1,3,Single,No
1726,21,Male,Sales Representative,4,1500,4,3,No,2,3,0,21,5,Married,No
1727,25,Male,Laboratory Technician,5,1500,3,3,No,5,2,3,28,4,Married,No
1728,32,Male,Manager,3,7534,2,2,No,1,3,1,48,2,Married,No
1729,46,Male,Sales Representative,1,4983,3,3,No,4,3,1,16,4,Married,No
1730,54,Female,Healthcare Representative,1,8535,3,1,No,0,3,2,48,2,Single,No
1731,34,Male,Research Director,3,1500,3,1,No,6,3,2,28,3,Single,No
1732,46,Male,Human Resources,3,6559,2,2,No,2,3,0,22,3,Single,No
1733,47,Female,Research Scientist,1,10606,4,3,No,2,3,0,19,4,Married,No
1734,29,Female,Laboratory Technician,3,6259,2,4,No,1,4,0,48,5,Divorced,No
1735,46,Female,Sales Executive,1,5829,3,1,No,4,1,2,1,2,Married,Yes
1736,42,Male,Sales Representative,4,5025,1,3,Yes,1,4,1,31,2,Single,Yes
1737,50,Female,Human Resources,3,1500,2,2,No,4,3,0,42,1,Married,No
1738,37,Male,Sales Executive,1,9066,2,2,No,3,3,1,34,0,Married,No
1739,46,Male,Laboratory Technician,3,3167,3,2,No,2,3,1,46,5,Single,No
1740,56,Male,Manager,3,6513,1,2,No,3,3,1,40,5,Single,No
1741,21,Female,Manager,5,1500,3,1,No,3,3,3,6,1,Single,No
1742,28,Male,Manufacturing Technician,3,1500,2,3,Yes,3,3,2,28,3,Married,Yes
1743,55,Male,Laboratory Technician,2,9305,3,3,No,1,3,1,3,4,Married,No
1744,35,Male,Laboratory Technician,4,3958,4,2,No,2,1,3,31,5,Single,No
1745,42,Male,Sales Executive,2,9359,3,2,No,4,2,0,16,2,Single,No
1746,34,Female,Human Resources,5,4765,3,3,No,2,3,0,17,1,Married,No
1747,46,Female,Sales Executive,3,1500,3,3,No,5,3,1,44,4,Divorced,No
1748,48,Female,Research Scientist,3,7676,2,2,Yes,4,3,0,27,4,Married,No
1749,43,Male,Manager,1,3230,4,2,No,4,2,2,24,5,Married,No
1750,34,Male,Manager,3,7096,2,4,No,3,3,0,20,0,Single,No
1751,44,Male,Manufacturing Technician,4,5075,3,3,No,1,3,1,32,2,Married,Yes
1752,22,Male,Research Scientist,4,1500,3,2,No,0,3,1,35,4,Single,No
1753,46,Male,Manager,2,5492,2,2,No,2,3,3,13,2,Married,No
1754,34,Female,Sales Executive,2,11588,2,3,No,1,3,1,48,5,Single,No
1755,27,Male,Research Scientist,4,6478,3,1,Yes,1,2,0,43,1,Married,Yes
1756,23,Male,Sales Executive,5,4827,4,4,No,4,3,2,20,4,Single,No
1757,43,Male,Manager,1,8226,4,1,Yes,1,3,0,48,5,Married,No
1758,38,Male,Manager,3,5632,3,3,No,3,3,0,2,4,Single,No
1759,58,Male,Human Resources,3,5628,3,2,No,5,2,2,4,1,Single,No
1760,55,Female,Sales Representative,4,1725,4,2,No,4,3,1,27,2,Married,No
1761,35,Female,Sales Representative,1,5701,1,4,No,5,3,1,25,2,Single,No
1762,45,Female,Manufacturing Technician,2,8106,2,2,No,4,3,1,4,4,Divorced,No
1763,57,Male,Sales Executive,4,2491,3,3,No,4,1,2,32,5,Married,No
1764,48,Male,Sales Executive,1,9273,4,1,No,2,2,1,17,1,Married,No
1765,30,Male,Healthcare Representative,3,4724,4,1,No,0,2,0,1,3,Married,No
1766,59,Male,Research Scientist,3,2336,3,2,No,2,3,0,33,2,Married,No
1767,37,Female,Research Director,3,7992,1,3,No,5,2,1,30,3,Married,No
1768,59,Male,Sales Representative,3,4139,3,1,No,6,3,2,5,4,Divorced,No
1769,42,Male,Manager,3,7278,2,1,No,1,1,0,12,3,Single,No
1770,46,Male,Manufacturing Technician,2,4124,2,2,No,0,3,0,38,5,Single,Yes
1771,45,Male,Research Director,3,4820,3,3,No,4,2,2,32,5,Married,No
1772,37,Female,Laboratory Technician,4,6480,1,3,No,4,4,2,38,3,Single,No
1773,33,Male,Manufacturing Technician,4,5872,4,1,No,5,4,3,17,5,Married,No
1774,40,Male,Laboratory Technician,2,1500,3,1,No,3,3,1,45,2,Single,No
1775,45,Male,Laboratory Technician,2,1636,3,4,No,1,3,0,40,4,Single,No
1776,24,Male,Laboratory Technician,2,7788,1,2,No,5,1,1,32,3,Married,No
1777,30,Female,Human Resources,3,4603,2,4,No,2,4,0,24,2,Married,No
1778,23,Female,Human Resources,3,3428,1,4,No,4,3,1,12,3,Divorced,Yes
1779,38,Female,Human Resources,3,1500,4,3,No,1,1,2,47,2,Married,No
1780,56,Female,Research Director,1,1760,4,1,No,4,3,0,31,5,Single,No
1781,42,Male,Manufacturing Technician,1,1500,3,3,No,6,2,3,19,5,Single,No
1782,54,Female,Manufacturing Technician,3,4696,2,3,No,1,3,0,29,4,Single,No
1783,28,Male,Manager,3,3204,4,3,No,3,3,2,21,5,Married,No
1784,39,Male,Human Resources,2,2100,2,2,No,2,3,2,26,1,Single,No
1785,57,Female,Manager,3,4795,2,2,No,2,3,3,28,2,Single,No
1786,26,Male,Research Scientist,2,6091,3,1,No,4,2,0,17,2,Divorced,No
1787,46,Female,Manager,4,11279,4,3,No,5,3,0,9,3,Married,No
1788,54,Male,Research Director,4,1500,1,3,No,1,2,3,21,4,Single,Yes
1789,26,Female,Sales Representative,2,8478,2,2,No,2,3,0,50,0,Single,Yes
1790,57,Female,Laboratory Technician,2,7919,4,2,No,4,2,3,34,5,Married,Yes
1791,53,Female,Human Resources,3,2662,2,2,No,4,3,3,11,0,Married,No
1792,42,Female,Sales Representative,2,5609,1,3,Yes,4,3,2,20,1,Single,No
1793,41,Female,Manager,3,3627,3,4,No,6,3,0,49,4,Single,No
1794,26,Male,Laboratory Technician,4,5557,4,1,No,3,3,0,50,2,Married,No
1795,26,Male,Manufacturing Technician,3,9527,3,2,No,4,3,1,47,0,Married,No
1796,24,Male,Sales Executive,4,6816,4,1,No,4,3,0,39,1,Married,No
1797,50,Female,Laboratory Technician,3,6525,3,3,No,1,3,1,16,4,Married,No
1798,31,Male,Research Director,2,3709,1,3,No,2,3,2,29,1,Divorced,Yes
1799,50,Female,Research Director,4,1500,4,4,No,1,3,0,1,5,Single,No
1800,51,Male,Manager,3,4374,3,2,No,2,3,0,18,0,Single,No
1801,44,Male,Research Scientist,3,8619,2,4,No,1,3,1,22,3,Married,No
1802,29,Female,Research Director,2,1500,3,1,No,8,1,1,8,3,Married,Yes
1803,23,Male,Research Director,1,1834,2,3,Yes,2,3,1,7,4,Married,No
1804,51,Male,Manager,5,5378,1,1,No,2,2,4,25,1,Single,Yes
1805,57,Male,Laboratory Technician,2,2046,1,4,Yes,6,2,3,30,2,Married,No
1806,56,Female,Research Scientist,5,2622,3,3,Yes,2,3,2,34,0,Single,No
1807,44,Female,Sales Representative,5,3729,4,3,No,2,3,1,44,3,Married,No
1808,51,Male,Sales Executive,4,1500,3,3,No,0,3,1,48,3,Single,No
1809,26,Male,Human Resources,3,2077,4,1,No,1,2,1,41,1,Married,Yes
1810,22,Male,Manufacturing Technician,3,7110,2,1,No,1,3,3,11,3,Married,No
1811,40,Female,Research Director,4,1500,2,4,No,4,3,2,15,1,Single,Yes
1812,48,Female,Manager,2,1500,2,2,No,2,2,0,35,0,Single,No
1813,31,Male,Human Resources,3,3109,2,1,No,5,3,1,23,1,Married,No
1814,24,Male,Manufacturing Technician,3,7195,2,2,No,3,3,4,45,3,Married,No
1815,35,Male,Manufacturing Technician,3,4409,3,3,No,3,4,2,21,1,Single,No
1816,26,Female,Sales Representative,3,3606,4,1,No,5,1,1,28,3,Single,Yes
1817,50,Female,Sales Representative,3,5133,4,2,No,3,3,0,13,5,Single,No
1818,58,Male,Sales Representative,3,1500,2,1,Yes,3,3,0,34,4,Divorced,No
1819,22,Male,Healthcare Representative,4,6484,4,2,No,5,3,0,38,3,Single,No
1820,35,Male,Healthcare Representative,2,6150,2,4,No,4,3,1,6,3,Single,No
1821,31,Female,Manufacturing Technician,5,3772,1,4,No,1,2,0,44,3,Married,No
1822,28,Male,Sales Representative,3,8017,4,3,No,4,3,4,4,4,Married,No
1823,46,Female,Research Director,4,1617,3,1,Yes,3,3,0,5,5,Single,No
1824,25,Female,Human Resources,3,8383,2,4,Yes,1,1,0,40,2,Divorced,Yes
1825,26,Male,Human Resources,4,5463,3,3,No,3,3,0,6,3,Married,No
1826,46,Male,Healthcare Representative,1,3990,2,1,Yes,2,3,2,21,2,Married,Yes
1827,24,Male,Manufacturing Technician,4,4940,3,4,No,3,2,0,28,0,Single,No
1828,39,Female,Manager,1,4678,3,3,No,1,3,0,3,5,Married,No
1829,40,Female,Laboratory Technician,4,8660,4,3,No,1,3,1,23,1,Single,No
1830,53,Female,Laboratory Technician,5,1769,1,3,Yes,2,3,1,8,2,Single,No
1831,40,Male,Healthcare Representative,2,2712,2,2,No,4,3,1,19,5,Single,No
1832,32,Male,Manager,2,8108,3,2,No,2,3,1,11,0,Married,No
1833,21,Female,Healthcare Representative,4,3213,3,3,Yes,2,3,2,50,5,Married,No
1834,46,Female,Laboratory Technician,2,7701,2,2,No,4,4,1,10,1,Married,No
1835,34,Male,Manager,4,10098,3,2,No,2,4,0,28,3,Single,No
1836,58,Female,Sales Representative,2,3794,4,3,No,3,1,1,20,3,Married,No
1837,57,Female,Manufacturing Technician,2,7044,4,3,No,4,3,1,44,3,Married,No
1838,31,Male,Human Resources,5,1538,4,2,Yes,5,2,2,28,4,Single,Yes
1839,56,Female,Research Scientist,3,7264,4,3,No,3,1,1,29,4,Married,No
1840,33,Female,Manufacturing Technician,4,5598,3,3,No,2,3,1,8,4,Single,No
1841,23,Female,Sales Representative,3,6419,4,3,No,5,3,0,19,4,Married,No
1842,53,Male,Laboratory Technician,3,3063,2,2,Yes,4,3,2,48,0,Single,No
1843,26,Male,Sales Representative,3,1500,2,2,No,1,3,0,21,5,Married,No
1844,30,Female,Healthcare Representative,3,6509,2,2,No,5,4,2,18,0,Divorced,No
1845,25,Male,Manager,3,1500,3,1,No,2,3,1,9,3,Divorced,No
1846,43,Male,Human Resources,3,4047,2,2,Yes,3,3,2,4,1,Single,No
1847,30,Male,Research Director,3,7823,4,2,No,2,3,0,41,4,Single,No
1848,22,Male,Healthcare Representative,2,5575,2,2,No,10,4,1,25,5,Single,No
1849,33,Female,Manufacturing Technician,4,10845,1,4,No,4,3,3,34,1,Married,Yes
1850,22,Female,Healthcare Representative,2,8075,3,1,No,3,3,0,9,0,Married,Yes
1851,40,Male,Manufacturing Technician,3,3038,1,3,No,4,4,1,9,4,Single,No
1852,21,Male,Research Director,2,5081,1,3,No,5,2,1,18,0,Single,Yes
1853,57,Male,Sales Executive,3,4857,2,1,No,3,3,1,11,0,Divorced,No
1854,29,Female,Human Resources,4,1500,3,4,No,1,3,0,13,2,Married,No
1855,37,Female,Research Scientist,2,2178,3,3,No,2,4,1,38,5,Single,No
1856,29,Male,Sales Representative,1,3317,3,2,Yes,3,3,0,9,0,Single,No
1857,31,Female,Sales Executive,2,1500,3,3,No,2,3,3,16,3,Single,No
1858,35,Female,Healthcare Representative,3,5142,3,2,No,4,3,1,4,0,Married,No
1859,44,Female,Sales Representative,4,4252,2,3,No,5,3,0,34,4,Divorced,No
1860,58,Female,Sales Executive,1,1500,2,1,No,0,3,2,7,3,Married,No
1861,55,Male,Manager,4,6212,3,3,No,2,3,4,15,0,Married,No
1862,50,Female,Manager,3,7147,1,2,No,3,3,1,38,3,Married,No
1863,51,Male,Sales Representative,3,5681,1,3,Yes,4,3,1,11,0,Single,Yes
1864,25,Female,Manufacturing Technician,5,4027,3,2,No,2,3,0,32,5,Single,No
1865,34,Female,Manufacturing Technician,3,6774,3,3,Yes,0,3,1,27,3,Divorced,Yes
1866,31,Female,Healthcare Representative,3,7040,1,3,No,2,3,1,30,1,Single,No
1867,29,Female,Sales Executive,1,5922,2,2,No,1,3,2,17,2,Single,No
1868,54,Male,Sales Executive,1,2526,4,3,No,4,2,0,36,3,Divorced,No
1869,32,Male,Sales Representative,2,5829,4,2,No,1,1,1,19,4,Single,No
1870,55,Female,Laboratory Technician,1,8586,3,4,Yes,2,2,1,7,2,Married,No
1871,55,Female,Manager,3,3210,3,2,Yes,1,3,0,43,2,Divorced,No
1872,21,Male,Sales Executive,3,11293,3,3,No,4,3,1,45,0,Married,No
1873,42,Male,Sales Representative,3,3423,4,3,No,1,2,1,21,3,Single,No
1874,49,Male,Research Director,2,5097,4,2,No,2,2,0,28,5,Single,No
1875,28,Female,Research Scientist,2,2982,2,2,No,4,3,1,3,2,Single,No
1876,31,Female,Research Director,3,5669,4,2,No,3,3,0,14,4,Single,No
1877,57,Male,Human Resources,5,1500,2,3,No,9,4,2,2,5,Married,No
1878,34,Male,Healthcare Representative,1,3361,2,2,No,1,3,1,29,5,Single,No
1879,50,Female,Sales Executive,4,1723,3,3,No,0,3,2,18,4,Single,Yes
1880,55,Female,Human Resources,3,5406,3,3,No,1,3,3,37,4,Married,No
1881,41,Male,Human Resources,3,7983,4,2,No,2,3,1,45,0,Married,No
1882,57,Male,Sales Representative,3,6938,1,3,Yes,1,2,0,45,1,Married,No
1883,25,Male,Sales Executive,1,1500,3,2,No,0,2,0,24,3,Single,No
1884,39,Male,Research Scientist,1,11126,4,1,No,5,2,1,46,2,Married,No
1885,34,Male,Sales Representative,3,5885,4,3,No,5,3,0,12,3,Married,Yes
1886,46,Female,Sales Representative,3,2670,2,1,No,7,3,1,45,5,Single,No
1887,24,Female,Healthcare Representative,5,5471,2,2,Yes,2,1,0,32,2,Single,No
1888,45,Female,Healthcare Representative,3,5528,3,4,Yes,4,3,1,18,0,Single,No
1889,45,Female,Manager,2,2999,2,2,No,6,3,2,13,3,Married,No
1890,38,Male,Manager,4,5593,4,4,No,3,3,1,4,0,Single,No
1891,28,Male,Manufacturing Technician,2,3177,4,4,No,7,3,2,23,0,Divorced,No
1892,59,Male,Laboratory Technician,3,3786,2,2,No,3,3,1,10,3,Married,No
1893,34,Male,Sales Executive,3,2941,1,1,No,4,4,1,5,3,Divorced,No
1894,52,Female,Sales Executive,5,1500,1,3,No,2,2,2,50,2,Single,No
1895,58,Female,Human Resources,4,5437,4,2,No,3,3,0,40,5,Single,No
1896,53,Male,Sales Executive,3,6755,2,1,No,2,3,1,14,5,Single,No
1897,43,Male,Sales Executive,3,6544,3,3,No,2,3,2,34,4,Single,No
1898,35,Female,Laboratory Technician,5,7459,3,1,No,5,3,1,28,0,Married,No
1899,53,Male,Manager,2,5973,3,4,Yes,2,3,1,8,5,Single,No
1900,45,Male,Manager,1,3401,1,1,No,3,4,0,16,1,Single,Yes
1901,37,Female,Research Scientist,2,7518,2,1,Yes,4,3,0,31,2,Single,Yes
1902,53,Female,Sales Executive,2,1500,4,1,No,1,3,0,7,2,Single,Yes
1903,22,Male,Laboratory Technician,3,2297,4,4,No,1,3,3,3,4,Married,Yes
1904,34,Male,Manager,3,2107,3,3,No,3,3,1,29,4,Married,No
1905,59,Female,Laboratory Technician,3,8240,1,3,No,3,3,1,36,0,Married,Yes
1906,26,Male,Research Director,1,7828,2,2,No,3,2,1,39,2,Single,No
1907,26,Male,Sales Executive,4,6461,3,2,No,3,3,3,4,2,Divorced,No
1908,23,Female,Research Scientist,3,8215,2,2,Yes,1,3,0,9,1,Married,No
1909,27,Male,Human Resources,3,2362,4,2,No,3,3,1,17,0,Single,No
1910,28,Female,Manager,3,6045,3,3,Yes,3,3,0,49,0,Single,Yes
1911,35,Male,Research Director,3,4624,1,3,No,0,2,2,20,5,Divorced,No
1912,49,Female,Laboratory Technician,2,7540,4,2,No,2,2,0,14,4,Married,No
1913,53,Male,Healthcare Representative,1,4654,4,4,No,1,4,1,46,5,Married,No
1914,50,Male,Sales Representative,4,3845,1,1,No,3,3,4,29,0,Single,No
1915,59,Male,Sales Executive,5,6622,3,4,No,2,3,0,13,1,Single,No
1916,47,Male,Sales Executive,3,7628,2,1,Yes,1,2,0,36,0,Married,Yes
1917,56,Female,Research Director,2,2994,2,2,No,3,3,0,45,5,Married,No
1918,49,Female,Laboratory Technician,3,4816,2,2,No,3,3,0,17,3,Married,No
1919,58,Male,Manufacturing Technician,4,1824,3,2,Yes,4,3,1,47,3,Married,Yes
1920,53,Male,Sales Executive,4,1500,4,3,No,1,2,1,50,1,Single,No
1921,57,Female,Manufacturing Technician,2,5601,3,2,No,1,3,2,43,4,Married,No
1922,47,Female,Healthcare Representative,1,6826,1,2,No,7,3,2,4,2,Divorced,No
1923,53,Male,Research Director,4,5786,3,3,No,1,3,1,20,0,Married,No
1924,24,Male,Laboratory Technician,3,1500,2,3,No,5,4,2,11,5,Single,No
1925,42,Male,Laboratory Technician,2,3947,4,3,No,0,4,1,42,4,Single,No
1926,22,Female,Sales Representative,1,1500,3,2,No,7,4,4,22,5,Married,No
1927,30,Male,Manager,3,9109,2,3,No,3,1,2,45,4,Married,No
1928,25,Female,Manager,4,1741,2,3,No,1,1,0,8,0,Married,No
1929,30,Male,Human Resources,5,8766,3,2,Yes,4,2,3,28,2,Divorced,No
1930,53,Female,Research Scientist,3,7837,2,2,Yes,5,3,3,45,0,Married,No
1931,58,Male,Research Director,3,2298,3,2,No,2,3,1,41,2,Married,No
1932,33,Male,Healthcare Representative,1,1601,2,1,No,1,3,1,30,5,Single,Yes
1933,51,Male,Laboratory Technician,3,6051,2,2,No,2,2,0,33,1,Single,No
1934,56,Female,Sales Representative,3,2467,3,1,Yes,6,3,0,33,2,Single,Yes
1935,44,Male,Manufacturing Technician,3,5307,4,3,No,1,4,0,47,4,Divorced,No
1936,35,Male,Research Director,3,3551,4,3,No,4,3,0,36,1,Single,No
1937,49,Male,Human Resources,2,1500,2,4,No,4,2,2,27,5,Married,No
1938,28,Male,Research Director,1,1500,2,3,No,2,3,1,20,3,Married,No
1939,25,Female,Human Resources,3,5680,1,1,No,1,3,1,33,1,Married,No
1940,49,Female,Laboratory Technician,1,3315,3,4,No,0,3,0,25,2,Married,No
1941,24,Female,Research Scientist,2,3340,3,4,No,2,3,1,44,1,Single,No
1942,32,Male,Human Resources,5,7087,4,2,No,4,1,0,43,5,Married,No
1943,22,Female,Laboratory Technician,3,8520,4,3,No,4,4,0,19,1,Single,No
1944,47,Male,Laboratory Technician,3,4182,2,4,No,3,3,0,47,5,Single,No
1945,51,Male,Research Scientist,4,3978,3,3,No,5,3,1,21,3,Single,Yes
1946,56,Male,Manager,5,6500,4,4,No,5,4,3,42,2,Single,No
1947,56,Male,Research Director,3,1500,4,1,No,2,2,0,33,4,Single,No
1948,46,Female,Sales Executive,4,5669,1,1,No,2,2,1,3,1,Married,No
1949,47,Female,Sales Executive,3,6655,2,2,No,4,3,1,14,0,Single,No
1950,25,Female,Manufacturing Technician,3,7040,3,3,Yes,1,3,2,15,4,Married,Yes
1951,40,Male,Manufacturing Technician,3,1500,2,3,No,4,3,1,33,1,Single,No
1952,31,Male,Sales Executive,3,2715,2,4,No,5,3,0,42,4,Single,No
1953,30,Male,Healthcare Representative,3,2365,1,2,No,3,1,0,22,0,Married,Yes
1954,58,Male,Sales Executive,3,5299,3,1,No,3,3,0,1,4,Divorced,No
1955,26,Male,Manufacturing Technician,2,6442,2,3,No,4,2,1,31,4,Married,No
1956,28,Male,Sales Representative,3,9490,1,3,Yes,1,3,2,47,0,Divorced,Yes
1957,43,Male,Manufacturing Technician,2,3515,2,1,No,3,3,1,35,0,Married,No
1958,46,Male,Healthcare Representative,3,3507,4,2,No,4,4,0,20,0,Married,No
1959,32,Female,Research Director,3,8449,4,3,Yes,3,3,2,32,3,Married,No
1960,46,Female,Sales Executive,4,5889,3,3,No,1,2,0,12,5,Married,No
1961,33,Female,Research Scientist,4,8802,3,2,No,4,3,1,16,5,Single,No
1962,38,Female,Sales Representative,4,5866,4,2,No,2,3,0,8,0,Married,No
1963,45,Male,Laboratory Technician,3,1528,2,4,No,4,3,1,14,5,Single,Yes
1964,53,Female,Healthcare Representative,4,1500,2,3,No,1,3,1,18,4,Single,No
1965,32,Female,Manufacturing Technician,3,1500,2,2,No,4,3,1,30,0,Married,No
1966,56,Male,Research Scientist,2,6986,2,2,Yes,2,3,1,33,1,Single,No
1967,24,Male,Human Resources,1,8565,2,3,No,4,3,1,34,0,Single,No
1968,25,Female,Manager,2,10548,4,2,No,2,3,1,44,0,Single,No
1969,57,Male,Sales Executive,3,7529,3,1,No,7,2,0,49,5,Divorced,No
1970,28,Male,Manager,3,8488,3,3,No,3,3,0,34,2,Single,No
1971,48,Male,Healthcare Representative,4,3259,4,2,No,2,3,0,49,4,Single,Yes
1972,51,Male,Human Resources,2,1530,1,3,No,2,2,2,7,5,Married,No
1973,29,Male,Human Resources,2,7550,2,1,No,3,1,3,6,4,Married,No
1974,49,Male,Human Resources,5,6253,3,3,No,2,3,1,6,1,Single,No
1975,34,Male,Laboratory Technician,2,5322,3,2,Yes,0,3,1,22,3,Single,No
1976,42,Male,Healthcare Representative,3,6162,1,1,No,0,3,3,8,2,Single,No
1977,31,Female,Research Director,3,5969,3,1,No,4,3,1,37,1,Single,No
1978,43,Male,Manager,3,8851,3,4,No,3,3,0,15,1,Single,No
1979,21,Male,Research Director,1,8884,3,4,No,2,3,1,26,4,Single,No
1980,57,Male,Research Scientist,1,6632,3,2,No,0,3,1,39,2,Married,Yes
1981,41,Female,Sales Representative,2,7537,2,3,No,3,3,1,3,4,Married,No
1982,46,Male,Sales Representative,3,6542,1,3,No,9,4,0,10,3,Married,No
1983,56,Male,Research Director,3,3616,3,4,No,3,4,1,3,4,Single,No
1984,43,Female,Sales Executive,2,7269,1,2,No,5,3,2,30,0,Single,No
1985,21,Female,Research Scientist,3,1500,4,3,No,7,4,1,46,4,Married,No
1986,35,Male,Healthcare Representative,4,8161,3,1,No,4,3,1,22,0,Single,Yes
1987,41,Female,Manufacturing Technician,1,1500,2,2,No,4,3,1,3,1,Married,No
1988,29,Male,Sales Representative,3,5857,3,4,No,1,3,1,1,3,Married,No
1989,29,Male,Manufacturing Technician,3,2464,3,3,No,2,3,3,33,5,Married,No
1990,30,Male,Research Scientist,2,6660,2,2,No,3,3,1,19,0,Single,No
1991,46,Male,Manager,3,4898,4,1,No,4,3,1,36,3,Single,No
1992,55,Female,Sales Representative,3,1500,4,3,No,2,4,1,34,4,Married,Yes
1993,45,Male,Sales Executive,4,6262,3,3,No,2,3,2,31,5,Married,No
1994,46,Male,Sales Executive,4,3266,1,2,No,0,3,2,43,4,Single,No
1995,31,Female,Human Resources,3,7643,3,4,Yes,2,3,1,24,1,Divorced,Yes
1996,58,Female,Laboratory Technician,4,5003,3,1,No,2,3,3,12,4,Single,No
1997,22,Male,Research Scientist,3,6186,1,2,No,2,3,2,13,0,Single,No
1998,27,Female,Sales Representative,3,2127,2,4,No,4,3,2,16,1,Married,No
1999,38,Male,Laboratory Technician,3,3232,4,2,No,2,4,2,16,3,Married,No
2000,47,Female,Research Scientist,2,3624,1,2,No,4,3,2,20,1,Divorced,Yes
2001,54,Female,Research Director,4,7570,3,3,Yes,3,3,1,41,3,Single,No
2002,47,Female,Healthcare Representative,3,10032,3,3,No,1,3,0,48,2,Single,Yes
2003,37,Male,Healthcare Representative,3,2584,3,1,No,3,4,1,27,0,Married,No
2004,44,Male,Human Resources,5,8230,1,4,No,6,3,1,39,0,Single,Yes
2005,45,Male,Human Resources,1,1500,4,3,Yes,4,3,0,13,3,Single,No
2006,27,Male,Healthcare Representative,3,1500,2,1,No,2,3,0,4,4,Married,Yes
2007,26,Male,Manager,1,2123,3,3,No,6,3,3,32,5,Single,Yes
2008,44,Female,Sales Representative,4,1500,3,2,Yes,3,2,1,45,4,Married,No
2009,53,Male,Healthcare Representative,4,1500,3,2,No,2,3,2,40,2,Single,No
2010,49,Male,Manager,3,6238,4,3,No,5,4,5,34,3,Married,No
2011,42,Female,Laboratory Technician,3,4357,3,4,No,4,3,0,39,2,Married,No
2012,46,Male,Manager,3,6138,2,1,No,2,2,1,43,3,Single,No
2013,48,Female,Laboratory Technician,4,7071,4,2,No,4,4,0,17,2,Single,No
2014,41,Male,Research Scientist,3,5796,3,2,Yes,2,3,0,24,3,Single,Yes
2015,27,Male,Manufacturing Technician,3,6973,2,2,No,1,2,0,29,0,Single,No
2016,37,Male,Research Scientist,5,4791,1,2,No,3,1,1,46,2,Married,No
2017,40,Male,Healthcare Representative,2,1500,4,1,No,2,2,1,28,2,Divorced,Yes
2018,40,Female,Laboratory Technician,2,8173,2,3,No,3,3,1,45,3,Married,No
2019,42,Male,Healthcare Representative,3,3232,3,2,No,5,1,0,47,1,Married,No
2020,48,Male,Sales Representative,5,2193,3,1,No,3,3,1,22,1,Single,No
2021,27,Male,Sales Executive,3,4466,2,3,No,2,3,0,28,0,Single,No
2022,21,Male,Healthcare Representative,1,2261,3,3,Yes,0,3,1,25,4,Divorced,No
2023,52,Female,Sales Representative,3,3747,1,2,Yes,2,3,1,41,4,Divorced,No
2024,33,Male,Manager,3,6032,3,2,No,2,3,0,3,0,Married,No
2025,50,Female,Research Scientist,2,6045,3,3,Yes,5,2,2,13,4,Single,No
2026,43,Female,Manager,3,2306,3,2,No,1,3,0,31,5,Married,No
2027,39,Male,Sales Executive,5,3536,3,2,No,1,3,2,13,5,Single,No
2028,52,Female,Laboratory Technician,3,8222,4,3,No,2,3,1,41,5,Married,No
2029,50,Male,Sales Representative,3,6489,3,1,No,2,3,1,18,5,Married,No
2030,49,Male,Manufacturing Technician,3,11225,1,1,No,3,2,1,37,3,Single,No
2031,49,Male,Healthcare Representative,2,8540,2,1,Yes,1,4,1,43,1,Divorced,No
2032,50,Female,Laboratory Technician,4,8432,3,1,No,2,3,1,34,0,Divorced,Yes
2033,36,Female,Manufacturing Technician,3,1500,4,1,No,1,2,0,17,3,Divorced,No
2034,39,Male,Research Director,3,7291,4,4,No,0,4,1,21,5,Married,No
2035,38,Female,Healthcare Representative,3,4840,4,2,No,4,3,1,36,0,Single,No
2036,21,Male,Manager,3,3347,2,1,No,2,3,1,50,1,Married,Yes
2037,34,Male,Research Scientist,3,5504,3,2,No,3,3,1,40,4,Single,No
2038,22,Male,Sales Representative,1,7835,3,4,No,4,3,0,19,3,Single,Yes
2039,48,Female,Sales Executive,4,6502,2,3,No,4,1,3,12,1,Single,No
2040,50,Female,Sales Executive,5,2364,1,2,No,6,3,1,28,0,Married,No
2041,58,Male,Manager,3,7227,4,4,No,3,3,1,11,2,Single,No
2042,24,Male,Human Resources,5,3087,2,2,No,4,2,2,48,3,Single,No
2043,21,Male,Sales Executive,2,5650,2,2,No,1,3,1,37,0,Single,No
2044,28,Male,Sales Representative,3,4089,1,2,No,4,3,1,28,0,Married,No
2045,49,Male,Manager,3,4343,4,2,No,5,3,0,35,1,Married,No
2046,59,Female,Laboratory Technician,3,7298,3,2,Yes,0,1,0,44,0,Single,No
2047,23,Male,Sales Executive,3,1879,3,3,Yes,1,3,2,15,3,Divorced,No
2048,52,Male,Manager,3,10835,4,2,No,5,3,1,16,5,Single,No
2049,30,Male,Sales Representative,2,1500,2,3,No,5,3,0,45,3,Married,No
2050,30,Female,Healthcare Representative,3,3206,3,1,Yes,5,3,2,7,0,Married,Yes
2051,39,Female,Healthcare Representative,2,6110,1,1,No,3,3,1,47,1,Married,No
2052,54,Male,Sales Executive,4,6752,2,2,No,3,3,1,3,3,Single,No
2053,53,Female,Research Scientist,2,4698,4,4,No,5,1,0,31,2,Divorced,No
2054,43,Male,Healthcare Representative,1,4827,3,2,No,4,3,2,12,5,Divorced,No
2055,48,Male,Research Scientist,3,6231,2,3,Yes,2,3,1,8,4,Married,No
2056,52,Male,Laboratory Technician,3,4306,2,2,No,1,4,1,25,1,Married,No
2057,27,Male,Manager,4,9179,3,1,No,3,3,2,44,1,Single,No
2058,49,Male,Manufacturing Technician,3,7518,1,1,No,3,3,3,50,4,Married,No
2059,28,Female,Sales Representative,3,7618,2,2,Yes,5,3,1,35,4,Single,No
2060,21,Female,Manager,4,2101,2,1,No,5,4,1,12,3,Married,No
2061,23,Female,Sales Representative,3,4761,2,1,Yes,4,3,0,21,0,Single,Yes
2062,44,Male,Laboratory Technician,1,4098,4,3,No,2,3,2,26,0,Married,No
2063,43,Male,Research Director,3,1983,2,1,No,1,3,1,2,2,Single,No
2064,28,Female,Sales Executive,5,6080,2,3,Yes,4,1,1,14,5,Single,No
2065,57,Male,Sales Representative,3,3387,3,2,No,2,2,1,46,0,Single,Yes
2066,23,Male,Sales Representative,2,6966,4,3,Yes,2,2,2,4,2,Single,No
2067,53,Male,Research Scientist,2,1789,2,3,No,3,3,0,17,2,Married,No
2068,48,Female,Manager,2,10157,1,2,No,1,1,2,47,1,Married,No
2069,28,Male,Research Director,3,2311,2,2,No,3,3,3,48,1,Married,No
2070,54,Male,Human Resources,3,5657,3,3,No,3,3,0,5,5,Married,Yes
2071,55,Female,Sales Executive,1,7375,3,4,No,10,1,1,24,3,Married,Yes
2072,52,Male,Manufacturing Technician,5,3288,4,1,No,2,3,0,49,4,Single,No
2073,44,Male,Human Resources,4,7557,4,1,No,2,2,1,7,4,Single,No
2074,34,Male,Manager,3,1500,3,4,No,3,3,3,23,5,Single,No
2075,52,Male,Sales Executive,4,9356,3,2,No,9,3,0,47,2,Married,No
2076,36,Female,Sales Representative,1,5042,3,3,No,3,3,1,17,5,Single,Yes
2077,24,Male,Manufacturing Technician,3,3210,1,2,No,2,1,2,12,4,Single,No
2078,57,Male,Research Scientist,3,4102,4,1,No,2,3,0,11,2,Married,No
2079,41,Female,Research Director,4,7426,2,3,No,2,3,1,11,4,Divorced,No
2080,34,Female,Research Scientist,4,3246,2,3,No,2,3,0,34,3,Married,No
2081,51,Female,Laboratory Technician,2,2751,3,2,No,2,3,2,47,1,Married,Yes
2082,38,Male,Sales Executive,5,4335,2,2,Yes,4,3,0,37,1,Married,No
2083,27,Male,Research Scientist,2,1500,3,3,No,1,3,0,50,2,Married,No
2084,30,Female,Human Resources,4,10461,3,3,No,0,3,0,29,5,Married,No
2085,27,Female,Research Scientist,5,3300,3,1,No,2,1,0,48,4,Married,No
2086,53,Male,Healthcare Representative,2,7494,4,3,No,7,3,0,36,0,Single,Yes
2087,43,Male,Laboratory Technician,4,5628,2,3,No,2,4,2,27,3,Single,Yes
2088,41,Male,Manager,1,2046,3,3,No,2,3,0,42,4,Single,Yes
2089,39,Female,Research Director,3,4982,3,3,Yes,3,3,3,22,0,Married,No
2090,39,Male,Laboratory Technician,3,7352,3,1,No,3,3,0,2,3,Married,No
2091,56,Male,Healthcare Representative,3,4435,3,3,Yes,2,3,1,47,3,Single,No
2092,49,Male,Sales Executive,5,8579,2,3,Yes,4,3,1,36,1,Single,No
2093,38,Female,Human Resources,3,8064,3,1,No,5,2,0,48,2,Married,No
2094,22,Female,Research Director,3,7756,2,2,No,4,3,1,30,4,Married,No
2095,21,Male,Research Director,4,3621,4,2,No,2,3,1,7,3,Married,No
2096,25,Female,Laboratory Technician,5,1760,2,3,Yes,5,3,1,12,4,Married,No
2097,40,Female,Sales Executive,1,3159,3,2,No,2,4,0,3,3,Married,No
2098,31,Male,Sales Representative,5,5588,1,3,No,2,3,1,17,5,Married,Yes
2099,22,Male,Healthcare Representative,1,6637,2,4,No,4,3,2,41,1,Single,No
2100,23,Male,Sales Representative,4,1500,3,3,No,4,3,0,32,2,Single,No
2101,43,Female,Human Resources,2,4975,4,4,No,2,3,1,8,0,Single,No
2102,32,Male,Sales Executive,2,5474,3,4,No,6,3,0,23,0,Married,Yes
2103,40,Female,Sales Executive,3,4167,4,1,Yes,3,3,1,38,5,Divorced,No
2104,25,Female,Healthcare Representative,3,8873,3,3,Yes,7,2,0,30,1,Divorced,No
2105,57,Male,Manufacturing Technician,3,6265,3,2,No,1,3,1,15,3,Married,No
2106,58,Female,Sales Representative,1,8930,1,4,No,1,2,0,10,1,Single,No
2107,50,Male,Research Scientist,3,4352,4,2,No,2,4,0,38,2,Divorced,No
2108,29,Male,Research Director,5,7812,2,4,No,0,3,2,15,0,Married,Yes
2109,54,Female,Manufacturing Technician,3,9905,4,3,No,4,3,0,30,4,Single,No
2110,55,Female,Research Scientist,2,8935,4,3,No,5,3,2,46,0,Married,No
2111,42,Male,Healthcare Representative,3,1723,4,1,No,2,3,1,26,2,Single,No
2112,44,Female,Research Director,1,4238,3,1,Yes,1,3,0,45,3,Single,No
2113,37,Female,Manager,4,3964,3,3,No,2,3,0,14,1,Married,No
2114,30,Male,Research Scientist,4,6467,3,1,No,9,3,1,3,0,Married,No
2115,50,Female,Manufacturing Technician,3,7059,1,3,No,3,3,3,36,0,Single,No
2116,43,Male,Research Scientist,3,2483,3,1,No,2,3,0,26,4,Married,No
2117,52,Male,Research Scientist,4,5203,1,3,No,6,3,3,14,1,Divorced,No
2118,37,Male,Healthcare Representative,3,1500,3,2,No,5,3,0,31,4,Married,No
2119,37,Female,Sales Representative,4,9325,2,3,No,1,2,1,14,4,Single,No
2120,34,Female,Manager,3,3462,2,3,No,1,3,1,40,3,Single,No
2121,29,Male,Healthcare Representative,4,5167,2,2,No,4,3,0,10,0,Single,No
2122,22,Male,Human Resources,3,4071,3,1,No,0,3,0,9,5,Divorced,No
2123,45,Female,Healthcare Representative,3,8438,3,1,No,1,3,0,46,1,Single,Yes
2124,59,Male,Research Director,5,1500,1,3,No,1,3,0,40,3,Married,Yes
2125,29,Female,Manager,3,4950,3,3,No,2,3,1,43,5,Married,No
2126,42,Female,Sales Executive,3,4682,2,3,No,6,3,0,42,3,Married,No
2127,24,Male,Human Resources,2,3639,3,3,No,2,4,2,18,3,Married,No
2128,46,Female,Laboratory Technician,3,10178,3,2,No,8,3,2,36,2,Married,No
2129,49,Male,Healthcare Representative,3,2338,3,2,No,2,3,1,36,2,Single,No
2130,54,Female,Research Scientist,2,7315,3,1,Yes,1,2,0,12,3,Single,No
2131,43,Female,Sales Representative,1,6068,2,2,Yes,3,3,3,50,2,Divorced,No
2132,57,Female,Sales Executive,3,8784,3,4,No,2,3,0,40,1,Divorced,No
2133,31,Male,Healthcare Representative,4,2998,3,4,No,2,3,2,3,0,Divorced,No
2134,26,Female,Healthcare Representative,3,2801,3,2,No,1,4,1,18,5,Divorced,No
2135,38,Male,Manufacturing Technician,2,8288,3,3,No,4,3,0,7,1,Married,No
2136,41,Male,Manufacturing Technician,3,6275,1,3,No,3,3,1,31,0,Married,No
2137,56,Male,Sales Executive,1,1500,3,2,Yes,1,3,0,1,2,Married,No
2138,58,Male,Manufacturing Technician,3,3382,3,1,Yes,2,2,0,31,5,Married,Yes
2139,54,Male,Research Scientist,2,6159,2,1,Yes,2,3,1,13,1,Single,Yes
2140,37,Female,Human Resources,2,7513,1,3,No,2,1,1,29,4,Single,Yes
2141,57,Female,Laboratory Technician,2,2962,1,4,No,4,3,1,3,3,Divorced,No
2142,45,Male,Manager,3,1500,4,3,Yes,8,1,1,29,0,Single,No
2143,58,Female,Laboratory Technician,1,6569,3,1,No,5,3,1,35,0,Married,No
2144,32,Male,Laboratory Technician,3,1500,1,1,Yes,2,2,0,15,4,Single,No
2145,43,Female,Manager,3,1500,2,3,No,4,3,1,21,4,Single,No
2146,42,Female,Manufacturing Technician,3,1500,3,3,No,2,3,0,19,3,Single,No
2147,41,Male,Sales Executive,3,7441,4,3,No,3,3,0,28,2,Single,No
2148,47,Female,Manager,4,5385,1,3,No,3,3,1,4,1,Single,No
2149,51,Male,Research Director,2,4323,2,1,No,6,3,0,45,1,Single,No
2150,26,Male,Human Resources,3,9167,4,3,No,7,3,0,13,1,Married,No
2151,47,Female,Sales Representative,1,6911,1,3,No,3,3,1,15,2,Single,No
2152,54,Male,Manufacturing Technician,1,9848,2,2,No,3,3,0,48,3,Single,No
2153,32,Male,Manager,3,1500,4,3,No,2,3,0,39,1,Single,No
2154,27,Male,Research Director,3,4896,3,2,No,2,3,1,32,0,Married,No
2155,30,Female,Sales Representative,4,1500,2,1,No,1,4,2,3,0,Married,No
2156,37,Male,Human Resources,3,4311,1,2,No,4,3,1,30,0,Married,No
2157,46,Male,Human Resources,5,4254,1,1,Yes,3,2,1,20,4,Single,Yes
2158,41,Female,Manufacturing Technician,1,6879,2,2,No,1,3,1,2,4,Single,No
2159,48,Female,Manager,1,5136,4,2,No,4,3,0,50,2,Married,No
2160,22,Male,Sales Executive,1,6870,3,3,Yes,1,1,4,25,1,Married,Yes
2161,21,Male,Human Resources,2,7110,3,2,No,5,3,0,11,4,Single,No
2162,56,Male,Sales Executive,3,11464,4,2,No,4,3,3,1,0,Married,No
2163,46,Male,Sales Executive,3,4054,3,1,Yes,3,2,2,48,4,Single,No
2164,49,Male,Manufacturing Technician,1,2176,2,3,No,5,3,0,49,0,Single,No
2165,41,Female,Sales Representative,5,5738,3,2,No,0,3,0,48,1,Married,No
2166,31,Female,Healthcare Representative,4,2593,4,2,Yes,1,3,1,10,2,Married,No
2167,31,Female,Laboratory Technician,2,9445,4,4,No,1,3,0,17,3,Single,No
2168,56,Male,Laboratory Technician,1,4150,1,3,No,4,3,0,30,3,Single,Yes
2169,59,Female,Human Resources,2,3303,3,4,No,2,3,1,35,0,Divorced,No
2170,55,Male,Healthcare Representative,2,3586,3,2,No,6,3,0,50,4,Married,Yes
2171,54,Female,Sales Representative,2,7155,4,1,No,1,3,2,19,4,Married,No
2172,44,Female,Healthcare Representative,3,4526,1,3,No,4,3,2,46,0,Married,No
2173,42,Male,Manufacturing Technician,2,3074,3,2,No,4,2,0,34,1,Married,No
2174,25,Female,Human Resources,3,9996,4,2,No,1,3,1,32,0,Single,No
2175,53,Male,Sales Executive,5,2431,3,1,Yes,2,3,0,12,1,Single,No
2176,56,Female,Human Resources,3,5106,3,3,No,3,2,2,43,2,Single,No
2177,40,Male,Laboratory Technician,5,6956,1,1,No,8,3,0,17,2,Married,No
2178,39,Male,Sales Representative,2,1500,2,4,Yes,0,2,1,6,0,Single,No
2179,55,Female,Healthcare Representative,3,6440,2,4,No,1,3,2,13,2,Married,No
2180,37,Male,Sales Representative,3,1834,4,2,No,3,3,0,39,4,Single,No
2181,54,Female,Manufacturing Technician,1,7468,2,3,Yes,1,4,3,22,1,Single,No
2182,29,Male,Human Resources,1,2112,3,3,No,4,2,1,11,3,Single,No
2183,46,Female,Manager,3,7078,3,3,No,4,3,2,7,3,Single,Yes
2184,22,Female,Human Resources,3,8317,2,2,No,0,3,0,45,2,Single,No
2185,29,Male,Sales Executive,3,7584,3,3,No,1,3,1,45,1,Single,No
2186,29,Male,Human Resources,3,5753,3,2,No,6,3,0,21,4,Single,No
2187,37,Male,Research Director,3,4306,4,4,No,5,3,2,1,3,Married,Yes
2188,21,Male,Manufacturing Technician,1,3270,3,2,No,2,3,1,30,4,Married,No
2189,45,Male,Research Scientist,3,9413,3,2,Yes,3,3,1,19,4,Single,No
2190,45,Female,Manufacturing Technician,2,2901,1,3,No,7,2,0,47,3,Married,No
2191,59,Female,Healthcare Representative,1,1888,4,3,Yes,1,3,2,46,3,Married,No
2192,55,Female,Research Scientist,5,6996,1,3,No,4,3,0,29,2,Single,No
2193,23,Female,Healthcare Representative,3,2611,3,1,No,3,3,1,35,1,Married,Yes
2194,57,Female,Healthcare Representative,4,2149,2,2,No,2,2,0,20,0,Married,No
2195,50,Female,Sales Executive,3,1500,4,4,No,2,3,1,36,1,Single,Yes
2196,58,Male,Sales Executive,3,3551,3,3,Yes,3,3,2,39,0,Divorced,No
2197,54,Female,Laboratory Technician,2,4751,3,3,Yes,6,3,0,1,3,Married,Yes
2198,32,Female,Laboratory Technician,1,5729,2,1,Yes,4,3,1,23,4,Divorced,Yes
2199,39,Male,Manager,2,7853,3,2,No,1,3,0,31,1,Married,No
2200,57,Male,Research Scientist,4,6580,3,3,No,3,1,1,35,4,Single,No
